{"type":"FeatureCollection","features":[{"type":"Feature","properties":{"name":"Antigua and Barbuda"},"geometry":{"type":"MultiPolygon","coordinates":[["@@HLL@VJDPPD^_PURDNMZDTULU\\UfkJORBQMaDUEMD]WJgBQZSJM@QPiXQBWIWQIPNnFbIzSZCPIT]TX\\"],["@@DLmAOJT\\RJ\\BHKVBTEGVSFDTLZPPCF`PTKhFFMTGBW^MKGQWVA@YPATJER`VDGQOTY^AB[TE\\FHPNKPHLCASKK]GFSPIVHJeAOUGGQiBiVW@LaRQSGNKYQQ@SXKSQNTJ@TW@MSmB@GUAUGAPyTuFMZC^HDHVHDWXJTTALT"],["@@BVZG[M"]],"encodeOffsets":[[[-63359,18134]],[[-63360,17508]],[[-63241,17561]]]}}],"UTF8Encoding":true}