{"type":"FeatureCollection","features":[{"type":"Feature","properties":{"name":"Burgenland"},"geometry":{"type":"Polygon","coordinates":["@@PREHNTBhJNlRBRTP`HBVTXjAFNCTNTPJALVPFV\\H\\Ay|@fSNKZSBQXHRELPrTDHXJJD^C\\OXBNOTCP_|NbM\\BNO\\MLARQnU\\BRWPGTQTOLdHGNXFlDH\\JLZJJOMGVM\\NMTBPpCzPfDz@hJnT^^bJNAXRXFDNVXGF`RXf@PQHQVYPHfddC``JRLINLH^BHNIRJNSVCNQVCTaE_PQBMhOTEZF`JHBXINRdVP\\RDpGDSGMRKPHPXdLATVNfJKHbVIJ[PWXrRNLVKb^LXEHdlPDlVbAHHbE`HJSxmJSRCbUPXXJpjPFBbfF@N|HfNFLMTLL@nVF`GVBNJ^ArPN@NLbF^CNFMR`RLPp^LGTNvMFKGKHI~GhMFIGMVIPJPhLRbbOL`SBPThFRS`NJOmKOLdnPFRVY^KEOYKDOMO^K]QZKFIg[nWhVbSdAb[uYm[cQnUQUa_lMUaMMRIeqOF{KUGgBOUiGQZQXWeUCEZaNyAkpg«GÁSÃM@GDEYSaMUkáCy@\\ÅL_NEPyHSGIe@@OWM`]WUgBw[OKQCCS]FMZKIIckQfQXAVIbAROhCNL[lYdCpJJFbDdINa\\AMMR_GUOEPQZB\\_bKUKDUUKIMiMMLSUdqU[DIYGEIgISSSESKQA[SBK}AKHi@UKDO[MYXNJuNO@UK@KX_MOLUSQYIVMFK^GNcZk@KPUUEA]UUKH]EIIB]IGE]eSHUPS\\@XFPiAQWMLS^BfL|@LQLEBS}GB[cADKiGHUNEGMXGDI\\@lOBK]MEKGoGIQRMXP`GFK^U`MWIMBSKwTMA@QeAOJMNiAQIU@OR]FU[aLiGETQLOSBMO[BkOA[FYQHKyUYHUI_WGeSUOISoMWOUAQMM@[]}F[IMKUJ"],"encodeOffsets":[[16381,47960]]}},{"type":"Feature","properties":{"name":"Carinthia"},"geometry":{"type":"Polygon","coordinates":["@@dRKNDJbDfARLdHHcCSLGdCbFRO\\@TJ^@XOJOpCVLlIx@fKJaZIEIZU~@PJdGAS\\EVIzQNNBNA`BLPzDLHdFXAdDLEdKHT`xP\\ATMpHRH\\@`HfMDW`SPCXRTHXGfFMIYlGjF^HlGR]tAlBDMOINm^UtMVJ\\I@M\\IFqTQPOh[bQLB\\IPPv@LPRDFNXANN`LPI\\`TNdHTAZH@PVTC^ZHnCpPDNZTLBRRbBNLCVJJbC`M\\Tz\\LQPIN[BYXOZNZOVDNEDRD\\KND`AfWIKASTcR@XT^F\\LlEF`\\EJV\\L\\DCOpSfHJC@NSpGX`nB`HrBREdD`RZAnVZCEQ`YdE^[`QOV@dUL[LI\\sr_V]YuMCDO@cTSOWaIIIEWKIKkjCBGSGSNSCGPYJeSQ@UGaKQTG^DJKTGBKi@_MYGGMaYAO_YGPG^_RqaUDF]cDKJ[FgQ@MQGCMWSS[HI_]D[MOBYYCkOOJc@UMULOW_PIeWKJOSGSJQcOAMIeCSEmAmSE[JAAgQciCATMXONEPcXUFOEUUaNUFeAILUNCZg@wO[BoEYIqCQR_JgKMB[KW@UR[E_H_QY@UFCL_P@P[faFUJmDmLQ@iW[@cXYLMCu^_FGJWD_C[HwQuFcUcA[NAJYEYH_AWLCeFKFTKJHSAIIWAMZaDwK[RCTmIMGkDUE_BgHBVPSSUEOFmaYBWLWEYHWGQFYOmfOCaH[JCH]N³L_NwA_I]BUL]EOFYE}PQG]N@WEmFYIgJHdKHYE]JQRLWEIM]G]^aFQJBPIlJFBZdF@`HVEJ\\P\\EfTRAlF\\HXABMxB`VjDl^nWTA^NPXXJARdSPaFWdfD^EdQNLZsVY@aRBJ[PUX]HANM`WZZPCTNBZVBR`NKHEcDMJQn|"],"encodeOffsets":[[12960,48231]]}},{"type":"Feature","properties":{"name":"Lower Austria"},"geometry":{"type":"Polygon","coordinates":["@@TCLR^VM`PjGXK@LbRZBRZ\\^DDL`DZNRXZHM\\V\\ITNTxDVKX@NHXAFO^ANG^DXEPIPDPIhVLLKPeJEPNREPXXAZHLZHURAhV@@bJ@HZEZS^NJKPIX@`R`VFJ\\SNJJ\\CZNhQVHXEBYxETEJJA`OKUbaMIMWLG`LXIVTrPbAjKPJFPT^KJDRXCDQ^KLFTIVR`@fEnSJMVEhUvCJIXNZOnOHaRK\\CObOpBfAVUXBVEwfJJEKfZPTE\\LZQMSZCJGdFF[`JPWZFPOCO`E@PfMOMCQ^MnYPMtMUXM^GpI^BlGVBJJI`AfEt@^EJJEJIvCHVbIKG`KxRbNDPTVZH@VZ\\BRZJFL^OjAbBPCb\\^UTSbAZKAGbCj@HJhAVGAIVGNmOMDIZQZPnBbMPBLWVCXK\\BTGNFlANJNIzBTVLMjCV]DMOaZOG_BOPKQchEF[OEJeGUTWCQVQKUKECQeAMOAW_EOILIMWQBQUWMHI[ID]VcYSLYIWcGPQCIH]NElBDWjK`M]WJ]PSbalAXOKKI_@OVOJU\\u@adUhQVUZCjHXgCKEQmOKcPnLIP_MQTgEOSTA_PKaaKQOgOIUJHNEJgN}HGJHLELuNSMKHo]KO_QNQME]DaEMKM@qO]BMIUA_HUE@mKKNSEKeM{G@MeEAaOEoiWIOWaVQDITwnIT_GaFGGaBkUOCckFGKWa]ULMKqQXW\\OJIaULGeIUMBScKOWOGQLHNCToHQCO[UQcJMAWIGE_FYPSNgRA`ObFDSRUDMTUIMJQGM]AKGJMQK_ID_ccGeZORURG@OWe_QHEUWCMWEWQMBaI]]mSgIy@w`MZIFLPIPUDSvJNSjSAQaqKCYIGWLITQHMPcJMCsJgEiRmJSXBj_P]FSOcDEfHVRLLVOLUEWLETOL]EUBaN_O]EGNUNS@HfGJKjGJH^GFeBIOYMQXeN_CiOLuGQBWGSHoG]BFb]LaDqAUHQZOJSKWAQ`DVUF]TsFiBOKsAOUDUMQsFMAkL[EWOCSH]USOFoESJo@GUK[BmCkX[IO[HKMaIg]EMi@L@T_`iOmVQOIDYKNUF]RFHJTOBcbM^jRCJaREVZRCXUNZPXJpH\\`[\\BHWRGP]NAVgEIMeHgTcJq@_L_TMPaNM@OPVeBSHBPQXWTEVUFGLH`IbHVZXlRINiLTT@PSPV\\LZIPHNC^Vj|\\X@xMpMPKjm\\KRSXK`EAGxSdJ@LTTPBbMLD R\\JrB^NZdCRJJjL\\IhJtEJE^mNFCPWHLP^NEXTNXHEJDfE`CrsLaCPfB^NdJH@TyNYMGLhPRLQ`YD[R[boJDZUXZDVJBXVFbEFNQDER[NgJSAkFFNaVcDKNO@cHOIWR[CIOiPU`kFAH","@@XITU`CSKXYdDEMlATHbE\\ABGXKPJN\\vKNEvExKnHA\\jBp^JXGhY~MD`EXYC[NBTY@J^IRT`Nn[HPj]AgLMLN\\cJ]BF]WC^CtkLgI_AFSQUDOOAMIcFqOKGuELMQKwYCK]AOXq\\GOQMEKCcLWVEAQOac]"],"encodeOffsets":[[15044,49751],[16571,49328]]}},{"type":"Feature","properties":{"name":"Salzburg (state)"},"geometry":{"type":"Polygon","coordinates":["@@P^^hLLZ@^HRI`BXRXBxATIbFZGZYLJTALKiOPQ^WRBTMXI\\ScC_WHIOIOQJUPGDOTM\\K~BH]JGnINSn_rQhQfITRRIX[J@`\\JR^DLFApGXWLtr]hDNzJQZTVnbDZQRBHSRETD`cR]`cHUNSAMQ]K}@SJ[EiPOTbd^JBTPJI^LNbZ^dR\\dZCXafavqxI`[EKFBVQJFQLW~f@XKP^NJLXRB^X^DZGXQZHbBZP\\G\\Rjw\\CEI\\INIP@|Q`NHGUUXSRHpCTB~TfP^ArRDPND\\AEYnEnSPI\\CLUYSDWKEcFCVqFKNgISSPkMMHMCcUKLYd]IOFOIcNK^EHQ@jOFErORJbAbDbH^@dINSdBFNf@AGTUEMiGyTkJOQUKCYMWCQ]jA^GIIWUMCWaQKDUO@UacLU`ALFX[acAg]IYQN]KKE]\\gZCVONQ^@xUpQNM@MMOAMOQEUUMBMTOCYTUHkHCVeHUOaNCASGOTS\\ATQnFW@I`ADVLLhDZCRSpRjdZHREC_HGGMjKfMLWeY^SfahQMQhKDOfEbId]pOAYSIUDeASVYUSK@]a|wEMYO]mYYBogOEQSKAQ]QGIWAaMSREr[J@N[JUIsN]VMnPJCNkAsBQ^kH]GiEkHZJNeEWHSGWQOD_TCXeN_G[@QGoGSN[BwOS_LGFcKcCWBcEKGyCKO_ABAMMMyRUJ[FBTcHOI}@YVFJYJIbeLw@kJUKoDIPWP]@SI[@QPaEcDKHDTGdcGQKeBaCCILMcQaJUVWLqFSN_J[Q]H_ZANaDMH]BCKM]JSKSAaPUImIQSAUHMUIGQWeD_UMQSGaEUNEN}LUHY_BUXDd[^E`cNAjQfATPXGPNJTbPLS`SB_VLVZJTZVP|ct^vIZHNP^DNUhLPI`Zr`ZADG^DRK^EdOXHrAPPpNhEV@THJPPBFRWJDPQJHZZFV\\bEhHZJTI\\EXRTVnPJVTNBZOTLPRBjGfT`HETSH]PERQDOpq`\\JT`^R[VRNIXJ`"],"encodeOffsets":[[12877,48776]]}},{"type":"Feature","properties":{"name":"Styria"},"geometry":{"type":"Polygon","coordinates":["@@HCjDbOIDbCIXDLTVjVVfOLKbVDAP_bIPmA@HeFELPTKtDRRZHZCNTJjJET`FN\\VJZX\\I LVGXX^Ag^Hb@YfLRCTSoQPAGQ^A^H\\@DH`HlD\\P\\ARH\\Ap\\ZE^BSQX]`OJMRCdH^MbC\\DVVrVR@rRCTJJnHFG\\@VHDNbLnZTGXB\\RHNMRVTfLjEbDZT^F|GPXhFVRZ^XIR@pWEG^QVELMZJCRPnUjP`_@SKj@FNh^bJLN\\GP\\JlWnD\\ALHVp@TIpFPEVTG^DTXP\\FlKNBtENRCVPVtBPLjAtE^SVECUR_XBTLPIRYVGrBbC^KEa^ApHTGXHRAvHPKj`DfMRWZNJPfAHEG]HILiHIGeT@VMHM^F`PbMVA^FPKFSXKVFPKKUQKGUFedCTP^E`OAiTWnIjQhFtINDdINORGJSXKJHDZrLRbTBTiIMTuVCJOKOJENYx_eCyOoDAONS[MUNNHIPYIIKG[kCWEHMcGPKRSHSXOAQV[RmBQNKP[AMN[Ma`{DOPSAMPWD[C]IIGWSCOqFKGQRWTALYTM@ez{[B[GEUUOBKOIMSDSEMiBSWAU_GSOAQkQIMAgMSFGOQUQFOROIMBUIaBgIIPiu^gG[@a}VITePHOHk\\_NUBcN]DAuIQEq[gC]D_GwHgNqAHYcEEQUCeLQJOKgGQQYGN_QONGOOWCg[qHSO[D@PSPDRMFUC_ZQFGAYDOISHc@aO]BuKWHKAiH]TaCkLiK[LkOMMcNALSHIL]CSHLRHb@VTRIfOZDHMTHTTAHiDLlLJFXJJbJPXST@dCPNDZvU^q`[tKJK\\cVU@P_R]\\cF_ZFRYDmUBY_QcCQFqA_GmAW_oHMT@IDeGoTDP[C[KIU[FE_kF[K]EWSQ@SdBTJLeX_BMC[LQCCMFUCYPYMWPAZM\\OJKRy[[S_NaDIIDUMKaAQQKAYSCMoOmDYGD]US@OYGSBcGSM[_OJ_KMMWBEMQCKOu@OO[JKAaRg\\OPbNXBHJ^RBRTLFRhPApZZ^nZPFN{x^bL@VTZTUfBVCTJBZoPc^aJeFCPgLNRgReb]TfZKXeNiLHNGHD`QFYGicoQQTYDgCKKCU_B@JXmESR[BSTHPBTMDPbGVUfGDGlSVDZSPANVNFVPRBNNP@NMN"],"encodeOffsets":[[13912,48615]]}},{"type":"Feature","properties":{"name":"Tyrol"},"geometry":{"type":"MultiPolygon","coordinates":[["@@nNlATIVNbHNL`@f`ATRbh@H\\PNNRHF\\RNdFHJX@@fPVdLFRbJUj@TJLMXWJWBQbTTCV`dIbUIDbGP^APTHPTTGTBbO@\\GJU`APIAZS@O\\KdNPVE^PHFMZ[TGqK_IIIB_^CpLzKSOXSVKuBQYGEKBWTEvEbFtExD@ND@RLLZDbNnJfDNLjEpBHGkcS[DTAdTFXCPPHfBjdfAPGVH\\Cv@KhiBIJPVZLX\\bXRDZOBdI\\N^CXFxD`XEhJ\\NJP`\\JXBDNRBdQnAfLCHRGId@PhT@|NPAXLhAJREJJHNWT@RLVE^HfQD^KVAlPdDJUfDLPSz[dCL_bIfj@\\PNApVnpPBPSOWUSIa\\_PA^T¼REGlENKTBzNxJ\\IEWBKZSX]vYPWZ@rVGI_JWMQ\\U]QS_[Ir_PoRCFQ^OTGFS_GeSiHQAKOPSAYSMIUmOSUWQ[FSJYIgGaFU[YEGYRICOXIEQOAIOSGU@gFoMOOqBWGcP]FQL]CCHYBq__YOJgKMV]CMOYGuJs]{dUOSYYIKU`UTAT_OKSaMIHOOWBSReBidMF_\\]CcVWcOeLiWEODYQUIFUSWFSS_H_IiYCGY@iQOMMBQOiGWD]CKFWOOWcGeFGPY\\WAUFqGGFsROTeCSKS@OOgMQ@]MKPaPEJaJcDQQ@M_EQOEOsU_AgJMTaVY@KKgPUO_BoKMBOM]Ii@YKKJ_BYMSFC]LK[U_MoHKGBO[KCKHKCQJEgkISKEJiL]M@_OiOJGMMKWUaMLcIUBYH}F]CSDYMSDIKmDAL]DYPOAMOWDc`SLQKoKqHETbJPXXLMXgD]FITW@YLHTMJeFQHQOwCkMSAIKWEOK_EEVImDGLsDANFVMXVTHbNJDpWDMLYHwJMJJ^]P]^[DWQaDSECM]eCUeECYTM@IwEmLsDBWKGI_IMPQEc[BQE_D_YSEo@KbDPUDYPQV@ZQPCVNDPPPB^bDdZTTFINJNMNkPORjXVTDLKZaDCdPLJTdbTN^AATjDEVVDNP[NDXSXEZ`T@h[^ZTVJ}PcFHL"],["@@bFTHNR`VfCRXHVJGNBVRTnJVJbOTBTL^INDL^ANGbCBM`Y^G\\R`ITMrEXKVUbI{RmNIdCFLG_MAQYUMADSYOXYN_BM^GVW\\OAIbQZ@tUKYRMFcC]eXcbETOcBQWIOW]MSBmXk]iC_UwAANWB[GkEQBeS[F[OFIGU@_cEAYIEJkAOB_KUT[@[KwBMISBWLg^wNUGUBGR}HcJAH[DGJsVMLCVKPEZKREZ£TqCGNXZSZLLdZBPWDIZAV]NFLUPDEOkG]`FFSTYBOFSAMP`lUZgLKLJHBbOJI^GHJNZLPLdKRJFXf@\\jLHH"],["@@SVSBKTLLjANFhAWMFMe]"]],"encodeOffsets":[[[10423,48405]],[[12535,48199]],[[10706,48698]]]}},{"type":"Feature","properties":{"name":"Upper Austria"},"geometry":{"type":"Polygon","coordinates":["@@BGlEV_jOJP\\DXQPJdGP@LMdCbUEMlETBhI\\MFQRCEMaFUEAWUIYCVWCYpI\\a\\QZCR_QKgOHKZNzM@SIGMcA]OebDtKDqF_CeFIWGSMFW]MKOXGDOME]nIFsFgI[JiKIIDQYc]MqA[IQKCaNOASS@KcIwTBH_FWLQT[LinOLoNwNW@{[UiD]GMJOKYU[TO@OSSjKJMkQYWGUJaG_HKVEFUXSRWAOTGfAUPON@bMNO`S`Kr@dIhSfGJNhFBU^MHOXQAG\\[[_oGWIYOVMDWYQFUbQDIiQN]daPAISoXQ@WJY]UQgEOW{H]EYSaCiFeKUSNQGM[QWASHmYaKCMUG[@EHmGIIDSqQQ@qUUU[CaD]NcGQDIN_PW^TR]AYFo[[BQG[B[OkC_GCG[@]G]BHROBRpSTQDeKZa@]Gh]BWWUHK[JYWUIM[_EFSiISIDMGYQYCQLsOSFKfE@GnBJO`aBOUCLaPKUeiUSUCKJWaDCJaPiCGDoRwV]@MRUPYD[hF^LLM^ZR^JBhbdW\\KE_BKVbd@VVPLCbRDXVNJXJ]HiB^DRNXDZVLPRlIzSjHFNSVBHe@EMcAMTcJ]@aGaCaBQIqPEFiP@GR]FMLJdEPJPc^KZVLDdGNNNOlTThJLMrEDUdELFCXZTKV[DOJmTmFFZ[BMCCOqQ]BeO}SSAoDQGWTVVGH_M{RO@MJ[JFJ[Dix[Q[HYOaAYGWRYH]C]WQAKWMIO]WLe@CVSVSNËONQ\\GlPTBPPH^KNBRZFTZJ\\@NHDP\\HHTPLL`NHHz@bJvX\\VL~PnT\\FzAjH|VdHX@¬EZFºpzflddLJJVDXJTZhDNW^AP~ªU\\HXY^BRVJ\\SXDdZ\\PIHNTR@`MVQrYVE`VRChY~KZ_jIlWhGJFBR^JBTIJFPRZJBPYh^^NJTKVPLNZTHDVG\\SPLjK^FTdCCPWCSTO@ARRXNDJt\\NFR|CjWLAraPQbSVCBI¢MNGLYf]rGA_MIeDOEM]JMtEI[VS\\DHK^@XEEIjEdP\\EPDPMhJZCjKZAXOlHT@PM~U`CDO`B`flI\\RKNHRrA^GLVLBN\\ALPLWd^@PFVMbMDSTIVD^IT@lWDLbPRB\\TP@VWFSLE`NXWLaxF"],"encodeOffsets":[[15044,49751]]}},{"type":"Feature","properties":{"name":"Vienna"},"geometry":{"type":"Polygon","coordinates":["@@d^PbBRUFKXDdFLRNHPr[PW^BDLxZRLKNvFLHrPdENJPBCPRVET`BhJlKDs]XDE^^AdIM[NKhK^BOi\\GMmS_JQI]Z@AS\\MZDFWC_}NgZWHIo]iAB[mGwLuFMFuLM[OIWLAH[BaFSGkBFNcCWZTL_DSVWJ"],"encodeOffsets":[[16571,49328]]}},{"type":"Feature","properties":{"name":"Vorarlberg"},"geometry":{"type":"Polygon","coordinates":["@@GKdE~OUIYS\\]@g_SFYTWCW\\MMOUCFUiCBS]BSMcaISOKDcbCLYCKUSiWPQlONMIMJMSEYSCc]aOAOOMCDURO@YRUZOVCCOLaIGcBEG]EYVIRy@OFBXcVOTaJGCoNERaCGH[GoLSPYBIH]HGLDbMLFRdbEX_LCNJPaDMMmCMLaH_PMNCCJwDYNcJONkG[DQQeDUPblTBBd[TJPRRSJB\\iFO\\qZ@`PJHT_\\[PZ\\QTgVQT`RP`XRdRLLTvLLh^|DRFVV@T_RKRAXM`\\XENHQVWOMJS`cTJHdMh@jVnYVTVD`KDPIHF^EPFD\\]\\AZXbBNPD@NTT^JlDZOTCFMMQJWQKAKMLM^GNfbEXIJORElN^CTMEMhSVQOGNYLGX@tNPGRU@OVEJOV@VHHSCKZ]YYgCEM`SGGdhjfOXAhJ@^XBBJlSRAbNNKBQBKKGXOJO]WWIW@K_LQ"],"encodeOffsets":[[10423,48405]]}}],"UTF8Encoding":true}