{"type":"FeatureCollection","features":[{"type":"Feature","properties":{"name":"Coral Sea Islands Territory"},"geometry":{"type":"MultiPolygon","coordinates":[["@@żǚҠë΢̪΢ǾʱǍ˓ֽʫۧØ©˪"],["@@ʜͨ\\̄џġʃ֟Ь"],["@@ѴǶ¢ե˕«ȿМ"],["@@Ā̸ʹàƆЉɉȣͯɖ"],["@@˨̨̮ůǭ·Чǐ"],["@@ư˜Β§ăϥнƲ"],["@@ϞӀêȝ٩̣Ȣ"]],"encodeOffsets":[[[154207,-17851]],[[153347,-16696]],[[151676,-17992]],[[155596,-19687]],[[156978,-22387]],[[151136,-16920]],[[162593,-30662]]]}}],"UTF8Encoding":true}