{"type":"FeatureCollection","features":[{"type":"Feature","properties":{"name":"Central Bohemia"},"geometry":{"type":"Polygon","coordinates":["@@JX\\F@J\\BLGf@PPG\\pAEdHTGHBPfBh`PBBLnHVOjFXLlRENZALRRBLPbZFOlS\\B`Fj@PADRNPRQzZFRETYNKjFB^XNBHLJETLXBFP^JARDGLFTOLARXFHLnLTONLdKZ@PKBREp@D@V`CBMZAHJSZR\\`PGZCXL^CDHX@^Ib@LZIF@TTAAbY`PPM\\\\LZQtMFTSBbRE\\bMR@APZIX@CfDLYfHNV@ITdGBI\\IR\\Z@TW^CBPdFNHNKIWNYRKpDRH~L^CTF\\KEVXHhFNltGN\\QdBTªMrWjULANfFRLfC`PUbhHSVf@JCAOhAP[RDRVLGbCNHZcTCRS^MZHXWjKCIH]NEXBpINISSmMFOdQEQ\\KOGC[KMJEV@TSIGHKRAOgcG@ONQuDW[\\UDSPQrMNJvIKU\\ApSYIJUGI~WFH^BPHfIT@bQRJFNRANHhFDO\\CRGEIHKCYNKSICofQAOPGAQOO@MYSUCEQVM[OLGbDRORELFdOnK@EUKA[QEKNWAQSjGUKAKLIAWiGWBAITEBM[BUGHOTQ\\IXCTFTYvA\\OTF@QYMg`@bSAK_QLSZMc_IY]AN]CWKUKSe@FMYCaF}cAOZEPcUMiBaNKCWS@MKGSAQO]HiMYDCGWB@I_KeAHPKDSKU@MKLQYGFYWCYWUIGeHQCGJQXLXUPFfABS^[MILGIO]IOMm@OLMBYUQ[SBSNcEWJW@iGCGe@KEMH[F]GIHeNmGIMXKVS[EcBIEaFDkQAAOWKaBOXOHKX]bYASWINUFQLMVSAuPSNWM[ECUYDJUSOCUN@FQNMKIgIeDg__GIaKIQDATMHS@WH[G[AML\\RILWKqAUFg@MHAL[GMHWA_UKL[HCLOAIIYZSIBO[BmQKKw@SAAXMN}FFRcPWDkKaCDQKEKS]AiI[DYAEE{LFO¡BSFDrWFe@]U[DCiWWQRSaUBYDGHWG@Q_EgJINcA@TcF@IUMSA[LELWAOMaDKSeHLpQBDPaNGPKDJ\\GVXTG\\LJAdjNKHEXNLLTR@PNKHfXfMDL\\JGXeDJMR]HaI@LZFLZU`@H\\FHdM@EPRNGNTVGJDPrBO^BPGJEzWHcPIJQ@aHMEKRHRIPQEQFiAMEGVMJY@STCTUHWB[MiEDOF]XSHm@IP]DNP^HQNaCUO]NwFS[U@ANqCH\\NPVLP\\OFINQC@P","@@t@XM@Q\\CVGAOuC@OSKlGAWFI^SVEfAIaUDIMn[dJJGAQWOJC\\HAOU@SQZSpAVDb@LFLdhMlLHJdEHTfNAJpJTCZJOP\\H`GFHdEJHdKPDDOtKVANHCNZAV^YXBNTBYVKKOJ@RXJ`DpPR@N`EH]JBJqDOHB`oBENoE[NGRNV[@UGU@CX[HYGGJDVoECEwBYEESYCo@MQkAIMSLo@KK@aJQBKAKN@L_AGMWIKFWWG"],"encodeOffsets":[[13729,51292],[14566,51306]]}},{"type":"Feature","properties":{"name":"Central Moravia"},"geometry":{"type":"Polygon","coordinates":["@@RAXHDZXJBHfHVEzAVPERZLNWTMHQdD\\VcZ@NQNRHNPFVKT[^MAkNINWG]PMVHFCTKF]bHLUnSAQNeLURPHBNV\\BNXB^L\\QrMbOXQRD`R`STFLKPA^OnCxDRC@UV@PE\\ULJHhGIUDWXMVUZIXSbETM`GnFbNXIESXAJGOUDSKMHYHGZB@^FDpBXELK\\HV]AQAUIEFUKgoAQHQROQWOY_SI_J[GMYQGQFIOkaeKHMAONMIKqYXcEQLWOUQMMCmYQYYOBOJSCI_MLG[LKHQ[aU@GK[O@M\\CQSCK[UGKRCHOVGN]PKTNlDHWSSDMTCfHTAJKV@IXHFfH^TPCTTXERBHH^JTKbQOMCMOOO[|eHDJ`bBCPdNLPNEIM`DHRVDQPBRQTMFTNbGRFEc^GFWUCDOJEPSVABKOIAQ^EPE@U\\SdATWX@VO`BXKjV`@NHlILKN]VCGUSOGSLU@YFIfKpIFZHB\\QJO`UMIRKHQRFLKrQHObM^mLCJUSBUMNKHQXBPTTN\\IVOEGRGLSXDt@VILFPMZQAahAhNbDJvA`HTWH@rPNGJObWXIZH\\IpIPDNPPBvGJsPGPSZARIXE`_DIO_T@XIbGJMD[HMKQUGLMQAMKQY[KMSI_EGKsCOGaGsBQB_OK]IAI]MBYGMZ@O_CQIOUOAiLOQKQC@SWQZWSQLkesCMYQ@IcWwOO@IKc@aPaKmDaAUGY]FQUYG]FIGSSUGa_IcJOAwBAC@BQUGk[GOWU_MGIWOi@_MODYCQRCZUPqxe@cXM@SKOPFNTXIJsR]GENODgIWLWnAP_AIG[@UFP`DV_DEJWFKEW@SLc@WGBTKFCP]GCP}HT\\BTENWJG`]C_MKIKOHYCYFPRKH@RXJRGLNPhLRZENL^@@LRnLRQPOOKCSHaEFTPN]LBP_VXXERSPANPFXTBNPPKFIVONCfETUCUVkNEE}TAH]DFTGLLNR^O`MIE[eP@NO@IbaBIJHLIRKFJV_LLFQJU@@ZQJOPSGcTQAiQSA@MOW\\ELM\\GEMVcKMOEGSDS]G_WS@cJKLkLWPHd^FX@BNQLANWBOJ@`QZDNMHLT\\LEXZPPEHLeC[DmRaBaCDLNFJXKDEPFPLBvELKfJYT^XCNNbTF[ZAftbTBHLJnOFNVEJ_NmHEI]DldaTTVIPWBi`S\\FJO\\UFIHHTGJH^JJ^FRNOLU\\PNINJJAPUJJLQHMX@lO\\OFM^RFnAVGLNPFCPRDJL\\LX@HXTHYRPL_TXXRHK\\OVjLAZRDJ^LPH\\^PJ`IR"],"encodeOffsets":[[17268,51403]]}},{"type":"Feature","properties":{"name":"Moravia-Silesia"},"geometry":{"type":"Polygon","coordinates":["@@TE^JF\\V@xJh@IbD^LXBLO\\IXd\\NB\\TCtvIPGP_lE_mOGCcZMxYQ_HICSaIcJWKCQKMkEcGkCoIa@WW\\WJOLAtUN_xSN^nEtcCQjUHQJCFYVOJuP@VKRCpAROSS`MP@XKNQbNtC\\J|phFPENNbLFMz@VJELLLIRgDMMQ@ILB`zZZEFIZBHUpGCY`QSOX[XM^HJIVCNS`JFFIRLDbCFG\\FJIHaLQ\\HdCtKH[ESVUTKnORPVFANKNHLdCZM|EJDzDDSZIfAHMXIJGlIRBhEZROFJ^^O\\FB[LC[mLURKhAHQeGHMgWAI\\Y@ORKR[CKXYLcVGFGEaDMPM`G`CBKZ@ZFZCPQJWbCLKTB|P^KR@LOGKFOCIdCUNQT@OUL_@KXG@ITGCY[IBIMGFQyBYMSASEsaeB_VSDYESBQN]ImCiIeDATIFaGODwOGOME@IPOLQWGGKOCCMcMIMQABOOAQS@OqQCMiBaJQCaHWJS@P`CJ_`WFQJYBOTOHItuHOAMOOCoJ[JYGWJaXIPMHqOG@SX_GuBIaCgMgBBbYRONKEUJs@WCKTQHFHUP[JSMOSWAGRMLVNTAIVKD]naNGPqRKLQEGRQLNJ_VIP[RGAEYoJeLEJ@ZKVHTTPHVUDM^KLkJMG_@iUWL_AUPW@SXcB[T@VOF]FBRPJALUBOTIFCPVDEX]HFdQEaHSMNERSAQROUCGQ_CJNMFKOcMDOaAI_GC{fP\\PPDNPNaRSL]IGGQAWFSSOD]SeGGEJWU@ILSBeGSDCNTTGXkCSMOLM^UHGPQDHL\\VDLRT[D@N\\PHLV@\\bGRKL\\KH`NDJITAPZPRZnZNDRNPVKXFRWdrZJLMNBPGNfLlbJPRERHNZ\\H`ITJZ`XPPRRQRGpBLhEVJFBV"],"encodeOffsets":[[17849,51461]]}},{"type":"Feature","properties":{"name":"Northeast"},"geometry":{"type":"Polygon","coordinates":["@@^E^KZB|WfDXOEQRAZLR@hQX@RHXAH^N\\XPDXNDPE^AVDFN^E`MFPKTI`ErP^AIDXQRTNVTJXG\\LFK`IJcQiXblZCZNNL^@HQVCXD@TVIKLGSIHQREVDPG\\dDLxNFQBm\\QVHCL`DJHhFDYRKTB`AFQEOVGPKEKWMSQAWTk@OZSFIb]MZG^]N_IMFOIIJKBcfCXLXVLVdLXCHIjMLIZCdDZ[lHfI^FpC^ILMvKZ@nMJSbKdFVGrPjATHFLrFHKXMAcXYPEPYJaCKpEBHhH^LpDZHXBlMBM^iGYNQREAIaKUMJK`IP@RKd^TCJJJ^LPx\\RVlE\\SRFlOPMDUPAPFfDNHB`TbJFnGlBDMpCbNlINYZAdc^WTAPOVGjgBMYM_GW@AGNQ@OoM^W_SWG[]cKWP[HOC@YOCOUiF_EQKJMcMY@AGVOGKQFAL]EMM@YVCJYNObPHIVGCYZ@H[TEDQN@b^^CTD`ILF^EJUCSIEHMVIP[`SXLj@ZWHObSDOjaFMPGTABK^[^AVQRYHWMQTaKKFS`KRMCSXCPKVE@KXIRSNBOVKbC^LNPdrV@zXFNVZF^TRrPBLXJ`SJQI_]OG[KOI]QCBYiKPUL[QGWW`SOKZQSGGWW@[KIKQCDOOEKMUHmBQEN]PEP[@kNWRGIKVIBOIIJMOMV[PKQM]EIIG]HIGSJGVEP[EIT[j_XAJOSUbSkc^CFJnG`MFIMUPEImGKSAsaBe\\YSEMaDMmE]LqL_NQBELkF]CSF[CII]VQ@iMi@WJOAWHMCIiBOEQ{AYFWN_QQDcKFR]DCG]BDWSEMMsbOXUAQNCJoF_HMHKK[RYFJVQ@QJY\\uPY@WXKGQBUN_GGP[JsGMGYbSRUJaFKI[LYAWPBLOTKK[KUQCQFMKE[BLUSIgF[E_ZiJUA[RMN`\\CXYKIFY@IHIP}NCE_ACTRVaDSJeCOPS@OXOAWJO@OJaJGM]AMR]Ig@u^lKLMBaPLVDXM^^BJZd`YNKT`RBLaT_@hZN@RSE[PuBSZSEWD[JSRGPVH\\AANSFBJXAjHBXKJBLVLiHRTXBLMRFB\\VL@FmLcPKEQFQPaCKH\\PUNFRVDZT@NPPBROHBPeRDpTJMLDZGLFJQH[DCPgEMGQBEMQIaRS@eJOG]AEG}XHJIVZJoT[BLVuJMIqNORCT[VX\\vCMR@PdHPhQBGLJHSTU@IFLND\\PH[LFRcREPnNTTMJoJWAMFG^DJiLWXYG]NQTSDYdMGaDKHQUQCO\\gBBPIDe@TUgGVa_OeDQKeEBMVKiqX©NASRcM[sHMkgEWGFU[LSE]D}KQGoCQLMZJXMLMGcEAO]DSXY@Q[[JAJUV@NMHU@eFAXMHW\\]z]H[rOPUJNPK^MJUF@PTVnTFNSHBPP`xJxV]JVf@NXLTCRNQNTPOHBRrVRKTDXMFGdKZ@lJDPGLX^GNRHbC`LV^"],"encodeOffsets":[[14970,52079]]}},{"type":"Feature","properties":{"name":"Northwest"},"geometry":{"type":"Polygon","coordinates":["@@U]_KaDQGHMW]HKCOkIY@cLEHWNSCQLqUAQPGSORMQMSDWK@MUe^IwUwIO_AOTGEMmSSU@OVENIL]MOVIPO\\q^G^yX[NGBWfEV@NG@MVUcHJSU@GMZeCKDeW@YJBOQ@aNF[aQTAESsNYR[KN[OOZ_BaSB@SJEKYa@]JW@CG]DWKYDOH[_YQTGIYBAN_D@UCo@QFAOLY@cLMKSPmKGKWEBQPKESHKCBQ]IEOWASKIFKAGWMA]iEMLSZQFYEyQRMOCQOBi@_E[AkTEPaYKOQAKQYBFMkQWKiEUPmGAKOAg_eAAOHGGSFcoBH[OOe@KH[A@I[EIWGIyMKDDTOFONUBU[QFEX]ASGKFQYLSVKMUkMaCEK[FEOP]OIKQH_MAiHUP]HMP_LUBMC[FMGOHS@GPcQFO[BASYBSOIBMMiK[C@SSFEI[BaGAKXMCc[KEE[MUCGI_P@FaFYS[DSEEJUJa@MHo@oMIHQIWDUQoC@S]BkINEF[OAILK^gLkE]OFMWBMI[R_C[HE^MHeFS@gL]DO\\XTR@FXLDSTYASXMD{SEPNBEROCcJQHeJGJO@eZCJSFQOY^BNcL_EWJUE@N\\XODk\\WDYTSCWRFJKNC^blJTO@MjWLDH[NEN[AARKRwFeLCRQ@OLXFAJVP^DXJCRYNGPNPWN`LbF@DSZII[PKA]XEdB`ENFZWCMQAIHWQ^KDGXIPBfWUOLS[MFIXKLWPB^ER@F\\RL]`RvARdKPPMRDPTRCHVVXHXBRVIP@\\vFNCLJCJNTxZ^ORRILBZPJ`dDbHLHn@^RVB`KfDPHXMnUFRZTTHJVVfNPU`XHR`KXKcNMV@nUzDpNPXpXLRINHvR\\APXF\\S|AdFbVXHXYVFdCNGbB@ZZLDPLHZnKL^TEJJPTN~DNWNKPFnD@bEJ^JFL~LN\\AZhEZOTcP@LKX@VI\\GX\\`PJRdHTH@PWHBH~lGZ]VZJNL`FPCdBbERF^FCLfPlDz[^APRZPZMTFPLVERFNCnARIZG^B^HV\\RIfJJRQVIRZ\\CNLF\\Il@bXALbHhRZKQJJfDFCdDBNTNVBNHvHVLpNHfTJCRTJXNL\\HTJ`ENK`C^J|HAJTDbE\\FCb`NIZUJYEXY@_JLL]JVN\\@FTKHWAcMY@GH_HGLRRCP^LCJNLBLKLTFFNRR^@VKRSvLXKRABSNIfIV@bX@RSfED\\ELPHRGKSGUxEZMGQtHfMFMdMEqUUGQSIWYJMfGTDpRX@TJXBDIBiaQCQSaIMAM"],"encodeOffsets":[[14970,52079]]}},{"type":"Feature","properties":{"name":"Prague"},"geometry":{"type":"Polygon","coordinates":["@@XHXLEXJHN`B@KLMLBAIR@bLLp@TKJNlBNRp@ZDFTZFxADFpFCUHIZH\\GDWV@VH\\@MUHQ\\MpFFMpAA_PGrCAI^IFGM_Q@oO_CWI@QPILLZUSAAMZWU]YBDMMGUBsLCPOCcLIGcFEG_H[GPOYISDoIBIeMGScFGIkKgNKcKEa@UCoBYTTRV@BP[GIDXPBRIHcIm\\JNVCJbeBUF]TEJBXkHTL@PvDBPUH[D@RWNs@"],"encodeOffsets":[[14566,51306]]}},{"type":"Feature","properties":{"name":"Southeast"},"geometry":{"type":"Polygon","coordinates":["@@BPRBClbEJFdA\\FUTWLJNnHfMJG^H\\ENGLFf@DHjHX@XIdFTMTAR\\ZVNAPKn@PN^JJPKHNJ]\\ATeBOEWVWKIRDHGRHfVJZXXDEZZHKRNLV@TLLCGOfB`L@JXADHZCjN^GRPTBLH@NXTLDbMjAVNOdYFBP~dbEZDENf@LTbONALK kv]h@^JNQ^BHNbIPIP@XIPBPWT@POfDTIbCQUDS`BDF~MJOJGZ@JEZLDW_[NM\\QVBjI`Y\\FhETJKV\\ALFENDRVR\\LLLPSAKXOZB\\KLJbEVITQZaNHtH\\IHO`HVMRALHXWZ@vOZ[RIR@IUZE\\QLLNG`GpEDIRMVBPWtaNNTFCX^ADH^CEQdLRC`RXMZE|BFRAPJjNDXGPBXIj@jNR@^UJJ\\DTE^DlEFKRA`MrK^KnF]WZSeIKLuFKAEOFOLCIWMECKbDbAnQ\\CfDGKOFYOFW[KKSNGCMRY@_PIXABMRKAMW@]EGcXOlKLKdIT@`X^HCTHTPFLNUdFN[HKN[FPX@NTBjRRBdSTHPORI@YV@RIKE`KIULEJQGKJIbAJaP@@MfOF\\NJP_Q]KMHKES^CBG~SFFlMVUVDFSDePMJULEOOAMWSOEBMTOFQWW`UAO^KOMESbFTGLDPPROKQQm@K]@MKYFKQOgKMQHWI@QLGOQZEZDPGJLL`N^DH_XIFMASS[~GDO^HDOLEASXHd@TKX@LFXEFI`CCUO_VE\\@JH`BBOmXXKhJPCFM^HtQJISWEMPOTLN@dWf@rwVODYRQ[BYO@IeAKWMIeA[JCKSMKFUMQBzoLSMO@Q[QF_QMOcL]ISP_N[PERQCWDCHeLQNSCQDWNsF]NSGeaWIQQQA{SSQB_GKWMAUiMMKgSESSKISQOIY[QB]EG]MIQOKA[DMKQAMQS[KiJRdOLAPHN@RYPPbCNU^iDKNSUyAMJMIkBMESH[AWLUDKXOAaNmAYOYRCJPNGbELUHBJUHgBGIi@aDBHYLaBST]Va[ODaAiB]PEKYIAQY[HEGOYGSUCOaMwQM@QLLHMHSBGUuDIJFII]Fs@eF_BJIIUAkH]AoJ]HWNWFkPsNONmZI@SNDRPNeN@O_FDPOPYEOX_IGLBPcEIHYDNTYR[KFOSeYLIFeIURSJa\\UFWAUVeBoAaPeHLRBPT@TPHP^N[RNNmTQDg@QHNbgHWQSNJRZDJT`HLLGZfFHPKBARZBDLKJDJfKHF^CPJCJNPiRPLqJaLfH@TUDQJYAQI]BSUeFw@_VeO_LwNKVMA]LQZ@\\NTANKPDX[FY@[KOFY@EIUAKHcLNSPe_JS@UjMLcCKEOFTJGRJDBRFK@_NMVWLyWUSYDQVgTCNoLLNGHaNGLHNLDT\\BNULICgNBdTHHTGL^\\MDJVCNNFPTCHJPUHR`@PGPWPWFJP@LLKFSVFP"],"encodeOffsets":[[15291,50739]]}},{"type":"Feature","properties":{"name":"Southwest"},"geometry":{"type":"Polygon","coordinates":["@@\\G`D\\QNJXAEN^PlFhKL]JKPBE\\MFlJ^A@TpDVRXCRJJGpNp@NGb@VIFITF\\CZTbE@E`OHJVD\\NFF\\LDdWNBLbH\\AFJTE@T\\DjLNNJATPZABT\\AEPdRHOT@PGNH\\ENDVA`KNO^GVOjGNBG`LRPJO^FP\\EFLbDlNNVULKTRZLETH^BFWREV\\VAPMPECSLCzNHJ@ORDJMPEO[UKMOG[rDBMV@T\\xE^MVPbDRM]GMO^CJOn@TG^WPECjF\\NXAVGDSTSZ@NIHUNFjBRERFJOGQLQNFbGR@JIdOXGFyHIAOP]qACOHISUHMQMFON@Gc[E@GV_KYYE@KbJ^GNQCIfHW[ICKeNeWLGOMQ@KSMKFWLGiMBcKIH[WSHUI[LCHObMCORAKofGLTbCPNXBFK\\KTBVN@JdE@SdBJMhI`F@RXHHGZCVATbRQXXDj\\C^Vf@XECqTE¢AEP|KFFZB\\CjJ^BLTLFCRbDlLXCdOEQ~ENMBWTBx@LLnR\\AAPTJZYJJPBDK\\GLK`VXBNG\\HBKNGh@VErBXLJK[QNK\\B\\HXGT@NGBSRCLJJb`Hh`fChJLJMNERM@DVTPIVZCDV\\FXNTMvOTBNURKVEJMTXZB^aLWPGPWbAXLEOTULEKK@IOXEXOHO@OQ_VGIODGOSMEDMIUNC][HKGSSGAchMJDVKAMS[KCGMHKbMHGKMpKDMhSRUZCVTzXXKNU`ML@EAQICHQSIPELFdDNKViT@`IfTOMdKLGVBFJZ@PE\\LZ@\\ECWLOBMMS@[RY^KNBLUxM`KfP`Ux@fETV^ARJZBRIVC@SeGbKrIOKjQMODIOI]DGEeLCILICKYABQLAGOeEHYKK_GISYCIQTMXRhGMaRGh@RCnSMM\\Q]MGOSOS@AOKQwLQLGbmPYPWMIJuDYLMJUFINmTeF_@UQSJKE]LCRWDCQLIS]EOOIiLaBSC]KUSWJ_KKHNXNJabLVEHYHk@]BIISFwFDNELWFUG[HKJYM[DIITMI[UEQ_@_JWLOMIT]FYGYI@@aU@BgVQYGGKBYWWFOMQFOfILOKKgUOJOCOJWF]CMH]BEPWBMGW@ULwCMSJSU[N[YGQWYM_CCK]CY[AQQYKaL@HWOiN_]UKQMFWEeAKbWX_MKFETUXO@[SQAaOCKkXS@]JUCSJCTaNUNOE]@XcOKBKM[KAKU]HqBGQLMIKQEUBUH_eQEMDCP_D}VONS@kGWPYBiLYDgIONOC[FcOiFFJWF]@GL[CUTJ\\sFINN^PFfCNJB`]HS@QNAJQFKZMH¡NAJUDaTORqbKBiXqFYCeFQNHFN\\gdDFQPHJ[DQCgx@P[\\BNkO[F[EcDS\\K@]nER_\\RP[@_GYXHLYVUIuD]LYKQBASDc[@UR]HUP_HeVkTAPPRSZLPQj@LIH[FMRsbCNcPlYDMRmXYTNjMRQBYPMP[NeNJXCHeLOHFLQZW@QFI\\k@O^JRCbaBi\\EJaT[FQN}@[LsBBMNSWAgNQJUGBqNHVKJQDSTFNGZq^eJKT{DoRD`QdMDMTRH@VGJHV@VKTSGuL[LNFWPQTGTLdYVEn_DcGI`JNSF@HPNENNLOXAR_CiFALuPS@OHU^GVYDMP@PIJDRÄpPJQHHPKPRJFTERTR^I@h\\DPTFZ\\TH@V^"],"encodeOffsets":[[12852,51104]]}}],"UTF8Encoding":true}