{"type":"FeatureCollection","features":[{"type":"Feature","properties":{"name":"Chuuk"},"geometry":{"type":"MultiPolygon","coordinates":[["@@NLHZLMKOUG"],["@@@GUMKWKIISK@dfNZRL"],["@@GLBN@\\PDDSMe"],["@@DTVGCIUA"],["@@XMDE@QSUM^F^"],["@@YPEJRBNEFOEE"],["@@AKRAHC\\DBKgCKMOAIMFKcQOFBRGPHTATGDZXLERMVB"],["@@S]BMHKMCEHAV`^"],["@@CPFNNBASMK"],["@@EJRBHFL@\\FLJRBHCGSGCIQIEQBMGKPQF"],["@@A\\QJKJIVAJPHTE@EZGJIGUFEAiDIGEQ@CFBV"],["@@FGBMEGW`VA"],["@@NGPFLAKSTDEOYAAKUCSDERL^TB"],["@@OGATHHNGCK"],["@@TSHSLO{WIHARJJ@PJF@LOFNPERSDCNKHFTTAPUDKRBNKPEES@WMNQF"],["@@LNNCJIAMEKUCQNLP"],["@@IQKHK@GJO@ETPLVYP@JE"]],"encodeOffsets":[[[157413,5448]],[[157174,5636]],[[152884,6834]],[[156398,7056]],[[155521,7491]],[[152765,7536]],[[155520,7639]],[[153290,8806]],[[152776,7525]],[[155199,7512]],[[155484,7504]],[[155309,7537]],[[155521,7568]],[[155437,7535]],[[155259,7535]],[[155214,7556]],[[155378,7555]]]}},{"type":"Feature","properties":{"name":"Kosrae"},"geometry":{"type":"Polygon","coordinates":["@@jRRBPARBPKB_EODIXEAIUHERGE@QBKNIRFHKI_AMQcIEMQOG[B[TDNKBKHKGAIQCk@]HOXBLILDHNJXFHHdRJRX\\H@CTNJ"],"encodeOffsets":[[166880,5489]]}},{"type":"Feature","properties":{"name":"Pohnpei"},"geometry":{"type":"MultiPolygon","coordinates":[["@@GD@VTAKM@I"],["@@hlDAegEA"],["@@VAFMAGMGWNLR"],["@@^EGKK@EE\\UHHP@NKDIPCBVTHN@DQR@FECWRULHDXLLLOECAOGQKKLEDMNFFXVFCSROEGHM@MJQEMPWUQGAGVMCKDIEOYJKPCDIPCFQKeQKKIBKLIWQUHQTIOIZODF[aGSTEKBK]AMDGNDPIFWOIFOBYJ@RQNOZNZIVOF@HXAFJKDCfMHUIIFJNEFKKOEDVIZATDPPFdXLGHFQLJH\\CJUPEJBNfMPCNFRFFLKNBJMBaLDCRHFMTHN"],["@@SMF`PHHSIE"]],"encodeOffsets":[[[164564,6347]],[[161792,6916]],[[162121,7020]],[[162001,7156]],[[162053,7167]]]}},{"type":"Feature","properties":{"name":"Yap"},"geometry":{"type":"MultiPolygon","coordinates":[["@@OPJBJGCI"],["@@AC[KCJNHTA"],["@@YSGBDPJHTE"],["@@@_MJBVL@"],["@@KKQDNVVHHIMK"],["@@a^DRRLPSCOFMEI"],["@@IaAOHQIEGUS]R_IBQX@VHHNDLVFtLX"],["@@D^NZBJIJNVRNL^H`LPLHNRCDR\\BHXRTDHG@IGIBSPFBQO]MAGMCYCMBaMIODMGMUUMGDKGBWIGA[UICZ"],["@@MQBQ_YK@KOYAKBCRGJCVLVDV\\RJPJBJUAMJIRHLNPIEQ"],["@@OFBNCH^nHRPFN[AYKOUGMS"]],"encodeOffsets":[[[147929,7412]],[[147300,7553]],[[150570,7561]],[[147366,7558]],[[143896,9996]],[[141476,9840]],[[142952,10205]],[[141370,9682]],[[141513,9783]],[[141471,9799]]]}}],"UTF8Encoding":true}