{"type":"FeatureCollection","features":[{"type":"Feature","properties":{"name":"Alderney"},"geometry":{"type":"Polygon","coordinates":["@@\\N@HTBPBVAND@JnDJCMKSAFEGGI@UMQA[IgDAL"],"encodeOffsets":[[-2288,50903]]}},{"type":"Feature","properties":{"name":"Guernsey"},"geometry":{"type":"MultiPolygon","coordinates":[["@@DFP@LCJDLRALMPJAJFTCJF@FZAXHBJNFRDPVRDNNLCJDXKHPARTADGNAHJbGDKEKE@EODEEEI@WCKGCMFEEK@IJEMYPOBGQIGBFNM@_SIFAHS@GDKIOC[DGEUFE@QFGASHQEKBSFEL"],["@@TFAKPMGIMECHDLKP"]],"encodeOffsets":[[[-2739,50620]],[[-2516,50668]]]}},{"type":"Feature","properties":{"name":"Sark"},"geometry":{"type":"Polygon","coordinates":["@@JFVF@HKBGNXRCFFJJGNC@IRC@OIGU@MKCOMEEBIL"],"encodeOffsets":[[-2440,50601]]}}],"UTF8Encoding":true}