{"type":"FeatureCollection","features":[{"type":"Feature","properties":{"name":"Comino"},"geometry":{"type":"Polygon","coordinates":["@@TFNAVQCG_CEJIFCJ"],"encodeOffsets":[[14667,36882]]}},{"type":"Feature","properties":{"name":"Gozo"},"geometry":{"type":"Polygon","coordinates":["@@DJZAJJVBR@TDbCHEXCNIDGRGPHVQVBFONAZUBO[IgBIKKAWGIBYIOFCFUBYFQAMTSHSCMFHHA^FFAJMFAJ"],"encodeOffsets":[[14524,36936]]}},{"type":"Feature","properties":{"name":"Malta"},"geometry":{"type":"Polygon","coordinates":["@@FJ`T`LLCJPLALSQCSOMGHMRBbHFGV@JGKGM]ZJNAHHPDBFPF@WPLVELQJHLQVCHDNCHGJCH]JFRGHMY@EKRENFN@W[LCdVPCZMLMHATOAKJKUKFSKGFYCQEACRKTOOIFO@FI@KR@HEEOYIiBaNe@SLWAYJqJAJgJ@HYNWJSLSVSFKLBLCLMNFHEJZ@EJIHBPRBBRKHQDAFXTCHC\\]AEF"],"encodeOffsets":[[14663,36835]]}}],"UTF8Encoding":true}