{"type":"FeatureCollection","features":[{"type":"Feature","properties":{"name":"Gaza Strip"},"geometry":{"type":"Polygon","coordinates":["@@Ö«@UeekSaI}m[]ecQG[aeWqm_wR±M_qYU]_WmSukwÚGBaxrp àä`hljª"],"encodeOffsets":[[35320,32354]]}},{"type":"Feature","properties":{"name":"West Bank"},"geometry":{"type":"Polygon","coordinates":["@@J`\\ztvXlNrE\\@rLL\\npZdfdjLrfPjpXATbXAXN\\G`WLHfA\\OJF`STbFZPRKrL^@^GZPVYPLNUP_IIXDTGZQNWWNMLsAggP[KJWs@uNUR]DWNWdoJSGmgSGDCLfbFN|@lO`cHURLRebR@nLFEh_¤AXPNO`JfGLYHFNcbE^LRZD\\NbbfrNdU\\UBHZFZRZ@@PTXCTQH\\nXRZd^^A^NjlfbhXZa`YjOnKXBR`AaDc`sGCKgPgnWZNtCXOURIZDTiUOLWIKFYESTWC[JWQUNUESTQSSTYMEFeHK[SB[SMVUAO]CLaW_KEZiYaGiMBBuLII_\\SEQZaKG@uKaQ@C[R_AU\\QDOQONYBeKUBURQGYPw}s»UMG¯Ks¯@sI][µ{c¿¡qEM_AsQÇF½@OoA]KY@UZgbQl"],"encodeOffsets":[[35719,32148]]}}],"UTF8Encoding":true}