{"type":"FeatureCollection","features":[{"type":"Feature","properties":{"name":"Sahrawi Arab Democratic Republic"},"geometry":{"type":"MultiPolygon","coordinates":[["@@ÞnŰZĐ¼ĞİÂ îZÐmɘ¶¬¬ÒĬĢĴƦƆ@ǬŎàjkì^Ô²ĲlòĚɔ@vªĂ´pxªĤ| pºUÜªĸ¦EĠÂy~¤XŮâNì¤öxĂĖÖ~àÔ¼òöÜªm¸âJ¨`j¸Ʀǜ¾ĤAø¹ÈÜļBͱAϻBͳAҁ@͇ŽǭćǥwΩɡęōŕÆȃϛªع̟DҥD̓@͵G̓A"],["@@ôǜj`dŒÄÄIĈƦĮðBxËÈEøĖlȔhØkĐT¾[ČRÎYĎ§JĨwlŬBŨ¥Ċ^¨MĖ¼¸ÞŰàâAİvŬ_ H\\ŞBƦmÄGô°XȔaľĶŤ@@̏Dң@ٟ٣Aп@ڣ@̳@ӏA"]],"encodeOffsets":[[[-15401,21850]],[[-11952,26623]]]}}],"UTF8Encoding":true}