{"type":"FeatureCollection","features":[{"type":"Feature","properties":{"name":"Central Singapore Community Development Council"},"geometry":{"type":"Polygon","coordinates":["@@dbFVa\\\\`JXGfTrPHPOX@TXhNbU@ISWSiA[_@GcLkZUMMAqJMAIWQOJMKY@OGYFL\\WDYNDb"],"encodeOffsets":[[106287,1337]]}},{"type":"Feature","properties":{"name":"North East Community Development Council"},"geometry":{"type":"Polygon","coordinates":["@@B\\TjTX\\LjcN[VMbCTJFQacFM]QYBGSM@iQ[^GVMAMNDX"],"encodeOffsets":[[106370,1403]]}},{"type":"Feature","properties":{"name":"North West Community Development Council"},"geometry":{"type":"Polygon","coordinates":["@@TV|hbFTElW\\kCUSWW@OPOGSqHeIW[_b[EUcaaP]V@RVFO|WrA~NRBT"],"encodeOffsets":[[106253,1473]]}},{"type":"Feature","properties":{"name":"South East Community Development Council"},"geometry":{"type":"MultiPolygon","coordinates":[["@@CWNMNBHU\\]jRN@HTZA^RENbdERBLVBZGTiJDfSAMSgBe[CQGaN[A­]mOeYEBINBrNNYVKlHd`@"],["@@]DITJVbaCZ|NXIVOJQKmuUetKH"],["@@WPUJPPjS\\DlEAMWCKI[EQN"]],"encodeOffsets":[[[106370,1403]],[[106526,1441]],[[106446,1441]]]}},{"type":"Feature","properties":{"name":"South West Community Development Council"},"geometry":{"type":"MultiPolygon","coordinates":[["@@ZH@SYL"],["@@]VRFTKjGUW[P"],["@@TJLU_L"],["@@XB@SKEKX"],["@@T@diaSOAeQCRQPJ{[UONBVYtxfXBW]XDV^JA"],["@@ASMQB}XqP{UE@Q^UbOCaZMXCK[MESRSaMHP^QNMYiZLJZMFJoZuNCGcFyMOM{xCG^uSMCQaOKULYSAE`JHKVZhELj´r@ZRLNddLd^b@POXIZB"]],"encodeOffsets":[[[106316,1291]],[[106316,1277]],[[106201,1238]],[[106260,1238]],[[106201,1323]],[[106253,1473]]]}}],"UTF8Encoding":true}