{"type":"FeatureCollection","features":[{"type":"Feature","properties":{"name":"South Africa"},"geometry":{"type":"MultiPolygon","coordinates":[["@@`IdATILFT@LOpERGHKJBJMN]NEDILG@GhIVAMMISWOI[OWBEWQIMaSGG]BKF]DAJULaFgEaMMB_G]RiIGJQCQKcFS@{V_\\CNHTHDNVAPHLCNLJlZNDBLTHPALLEFDXZR@JRDXNZBbCJCnA"],["@@lTZBxS\\AXKnALKDONMEWUO[KYEyAGNDNUDaTYTWHONBLJJ"],["@@MNZ@VOOQQT"],["@@CGLMAQUEUN@JENBJJNVAJM"],["@@@VATHlTRDRXNRFXBDFXBHDXDjPTF`JbFTJVVJ^HJPLhVTFNL`JN@PIDI@WFILCZC^LLVPbPP\\NLPDJANM^CTDZh^^bJHMNQJIJKhEHYNUXER@LD^HRHF`DHAXUNGZCRHHLD^CPKJYLGN@JRRPGZ@ZBVHBLKRMJODKPGPDLLHRBjQNQ\\JHHEVAZHHD^AXIPEXFTHJPLDJRHR@ZBhMXHXZT@PKDGTKPFHJJVHJJDZ@ZB^LNRTDj[\\WRSLcHIRI`ENCXDXMJS@SBEAeIcGQEUBSCMDQVgVUTSPCT@PFTRV@ZKP@b\\LJJDtC`eLQF[FORGXc@IGSESLSZUV]L]FKEY@OGWQ[AIYS{@KCCIOQKmNiJGZGPKLWBKJWAg@KHIRCZNVBTCNIHOAKOcNU@OIWAIFSCSUWCMHkMcVSRDXRXJPJTEZTTF~M`APBLJ@JNFPB^EN@TKVe@MFGAOEYBKR]TAfO`BPDRJLJHNTPPDPGRWR@HHN\\RFTKXSRETF`B^ALK\\@XCRBfCdGRGLNJBPINW@GLGP@VHNARKT]L@NGJOHARQAMPQPGRaVUZCjNlOPMZOPG`FbGZKNQNILB^VRRTDJC`CNFJXHHR@pIP@XB^BNC^HJGNOHAzGV@ZGJ@fJXHLJXHZ@NG^EPBXVPTLFT^CfJVLNJdDbGVFdAjHPHZFfCPCRKNDTIJFRCfELFXCPGR@NJ`GFBZGXAPGlBTCVM^KP@LERKJOPKBKNYD[FILC\\FZE^SFIPGJO\\EXIlGNDVNNEZDJDRDNF\\HNH`\\VRNX^TTBvOHBPRHN@PKPQLSAMFS\\IXCPMTCjLdR^H^XdvRNBVGRCVDZKLAnLHARH\\EJBVJ^VP@ZN^N\\fTLDH@RFT@dDLLNAnJRbPZFLRFZFZCJFPRJLLRHTG`RRFPJPDXAXO`KHILBFPZFVB\\XJP^VXDhGPERObEJE\\CRFNPLTNNATNVPHT@RXJFVBNARETAfN^DVL\\JbBVE@Ŋ@â@L@Ī@Ĭ@Ą@Ī@ĢBAä@ǘ@ĤBAŰ@æB¤Aü@ÄAŚBƌ@Ġ@Î@@Ē@¢AĆBÜ@Ţ@Ê@öBþ@ĨA²@N@Ŗ@Ɔ@ĒAdBƪJOt_RkvIDI@SHC^BJGAMEIBMXOTCFKHYLIRJhBPGFIVSV[PBJNFNLBTWHQJGVNbIJIJ@NIJSBQHGRAHOESVWjKLIHMDMPEXAP_\\E^MDGAWMWFILCJOjKFMIS@GRATYBGIGBOJGBIIOHKJER@^PLCHIBKE[IO]IGIFI`YBOPQJFZFNCFGKcIOR_TMZBHEBMHEdBEKWKIKQCEK@IFMJATDJHJBNEDKKOIUFGRi^sZC\\NHARO@IMeJKR@\\NLGDKGGQKEOJY\\EXHLVLHXCFK@OMOKEUAWBGKN]BKGKKIEIBWNGZEfabsX]@MGKUC_@GEYqDKHCNDRNVAJGBIAWU[AG@]FKJG`O\\ST]PqAaDGRCRBJAROBKEIQKOMIS@QJER@JHRZRNPDJE@SEKFU@OMWBIJK^ALEJIB_EMWOAIHMDUFIqDI@MOQCWISQYBIZUHODSEOYQAIPWXIDOMSWKCINMVMFIRBPAJIAMIKEOOUUSQGOQGS@OB_Q_ASEMWWCYeUSEGGAMO_WY_OIKCQMSMKGMB[AOEKMCQDcgQ]KGi@OQAqIgAUK_AMLiCWJWJEVWFIBOAWDIAYEQ@YF[FQCE_QEQD_HWJKRMCQM]X_CS[WHGVERQLOQ[FITKxKFMIGGSHOAUPgBMRLHJRjJH^HXBbCLBTN\\dPDVEP@LLA^FHPB`ANFjX\\NZBXAz[PEPDPJV@LGP]jeTGtBfIVHXC`MXALCPQTIjL`APD^\\PFlLX@PCPBPJPFTAZSRCPD`PRXHFZ@\\GdA\\L^FTAfGP@TILMLCj@HAZSRGdMRLNZRANILA\\TlCNG\\]TK`F^AXHJLT@VKRHHJtjXPhXPRPBHdRTBJQhFvGPYXCRFL`\\LF^F^VN@RILBrK^AVBRApLTCPGTDbTRLNF^DVRXH^BVAHDXbNVLrJJ\\HNPDXRN`AJHATBPNLfPNR@JKL@TPLZJHLBNGT@VDFZLJLCVMPCJFJNJ^JXTTHHFCNBPRPjDVHTB^GPDFFHVPNZB\\MN@HDHN@dGV@JNBVCLDbXFRKRANHJNDLJFRHJXGTCVBNNJbPJPE\\OXERGTOPC`BPHLbTPJLBLB|GTLNLCJKNGLFBLAPJPPFVBRN@HOT@JRPXHpZEhBVGXGNBLHJVBjKRAZBJLCZDVFV@RK\\F\\VZXP@JGHkJMJGJBRrPHLM`FLjL\\PTZ@JGRQFODSH_TBPLB`CHNDL@\\DjFTJF`DVJLP`r@\\FNLRENW@OHKRENLLXH^JZCPJBLunYLBJRHLNVpZRBLCRR\\GJQJCPJLZHfGVIPD@LWFGTZXNdJbTTRJj\\fVRZCXBNCJJNTD`CLFHPMlDTL@NGNOJEXXJNJJNGBSKQCKLONGZCLFFLAPPF\\PJBRMLKPALRLJXAL@JLBLHJXPJF\\BNFLAXKPAPJ`GZJL@JIJUJGTFJRN@HMHEVH\\HZCDCL]fAbELMNCFD\\hRbNFbCBMQUDIJCPFL@HUXOLW@KGYBIJ@jXJANU^@XEBEGODMTD`I@_DGPCJFFPLJTGFECKOMDGbEHGB[FKNCRDJH@TJFLCPSQSAKNGNCJFRBLGDGAQFCLFPNHLP@JWVERGJGKMAKXOCUHEV@NOTANFXBLCJGAEKMMGEI@MFKPIRDNPLCLOCOGKNM\\CPB^KDICQPM`IFGI_BGdGPONBVALFCTJHPAHPVAJI\\ARBRIAESMB]LAPJNBHFAJFFLEPQPINAPDDLELDNPDHCDSNALNVJVAVFZ@DFARDFbLJMKUFIPAXHJLPBNORGHQHEVBDECQPOFOJELBHCGQZQA]NCNFJPRJHGBQYO@GJOHA\\X\\@THFIGGAUTMNQVGHMVENGRCNPJFJMN@B\\LD`KNNATNIJJJBTQLJLCDORAfKcJA`DXKZY\\KLI\\E\\G~WNBZKRXbLfDZQTCHHVCXMRDRMNLL@FPHIH@JHTEXLXFHAPDNGVDTGBRN@FHJB@XFBJIRFJT`HHHCLFFNKPDHPFFNANR\\NGPHFXFFIJAZP^CHMPGRATNJSJC^AEGNMVSP@PLNBJE\\@TMJ@RFPBXHLIVEHFNCd@XGHFRC`DZ@fMTFJAZJJH^HLLLDNLnL\\LLHpdHBHJNHFJXBJDHJXCNJLDPPTLJL`TPLJ@\\TF@¤ĐBHp¢LXDPfÀNzP¶HxDBxvÂĪĊj®BHPBDFTDBFQNNFEJARHFJAHHEFGRBDCZGBEVBPATSJMDJ\\_ZKLFVLH@^ELVE¬HLP Gt´XNüfĆpĞv`QNJLPBPLLTHFHNAPLLTPLP\\JVATNLDZNRHPD^PJBNAPRHRPJALPDLJCJHDTPCLRDRVPHLF@DVdDRF@HXRNCFRRFFFPIHJH@NRBJGHBLRTAHRFJJJCRNBTTBNDPLJRR@LCCILCVHDHT@HJJAFILHRDFNCLRAZRFPPCVB`hLD@LFDSfLTL@DRJDFPALO@GD@NEHBLPDJHBNIZOFINLZGXGJFPfLHNFXBjJTRXLJHdENFRAJBVDRPPJDJR@`I\\DHZ`ATDNZ\\CNIN]FCLPPXDNXSL@VJNCXLVNNBPELFRGPFTJPAJDPHFEVPLnPGVJVE^FPLDFJPKNA@KIENKRFCUESLKP@\\NNLJ@BJLHAPJVMVIDAJK@GZZFDIVHIHDPZCLCBJJBFNCPBF@TLANJVG@GRBJCJDFREJCPOCKT@NHTRFLIFMRAFPAHNF^UVCDJRRMDEHK@Cb`NDDdHGMFGTD@NVRRDJJFKJ@bRFNNDRCFLTTG\\HFHTLLAPJHhJNC@UEEIUDCTC^BDJHDOVJTVTfBHA@SSWHONKLATBLZD`LHBRLC\\D\\CPDVEFFPGTFPCNDHPHDDTFBNNJ@JPLDHRF\\UVHRHFBJHH@HHTGT@LFHNHR@VVKV@XFLJFRGNBhOXBDFL@BHNNBNJHbJVGHGPa@KPGJBDGV@JFVZCXFBNTAHRLFLTDHJBPCN[ZIFDRPDLI@KVBDHZBLJNFBPMJALPJFETA`HJJJB^NRD\\PJJPDZPLRRLFJLXARIXARHNDLC\\K`JRF@LIVBNLZNPLRLfJVXXNHHJT@JJJ@PKTFVOfBPJHVFRANJ^RRB^\\X`^LRHLLLRLHDRAPI`BLRZTTHN^TZ^R@PH^JJAXZRHJPFVJN\\FLFP@hXNLTdLDfAVF`AZBbEjHNALEhDPA`OVS^DRLRFldPBhAV@bA`FL@\\NJHLRJHPHTC^P@JTLXFbPlBJDVBRFxLVBPFFRGL@PFHnT`HV@JEZCZQTFZbRPBNPXBXPXLLJRBTG\\INBRCRBVFXTNDRHLPDPHJJFZPJ@hBNJJPEHPLJRAFCPB^@PEN@pR`CTBVETDfZNRVNPFZBLHTAXEjUNHJGL@PNRCRDLCZBFCDQLMRFLRNILCLBjN\\PNBHJ^JvJ\\DPBZC^IXIbANPAXDHJF^BRDTLRDRIRMJERBR\\LLXF^NPCPSNC^FTA^KbDBJAraNOhORChBNAhaVEdH`DFA\\UjYTUXBdIXBNCDIASNSLE\\BT@LGZ[RITGVMfiXCbRJDHV@rBNCJS`UDERaPSRMPCXD\\L^CZ@fDdEhNP`JpZNDR@\\KV@QJ@ZTXFR@^CNGVQNETDLLRVNJRFM\\DTJnDXHZ@ZFZBJDlJ\\BlIVCZK`RL@XGXAJCPQLEhBFEDKHGVAJDFLJFnOHCrU^EdOXA\\LX^FL@ZEZOR]NOPKVCxN^CJELMDSHOR[TKJIHOıņ͏ÐǱf»ECCEKšVÑĐĕxPąÒƓĤÃB_LjƱË|LITÓZå@ĳUībȡ^şHÇC§E·KËICoEUoEYM]Ec@H[^CJ¹JBeUac£ūĥěŭüįÔÁĻÜčo«É«ëË[½Se[qe©ûy©{©Å±GEÁwws¯[đ@AęHPÕViXHLLLPPDHLV@LDLNbNF`DDBgRJEBIdYd_VITQTMHYACU_wXi^qyøėİČWö{ĬAƺAƺACN@RBâEÚFd@REJLtJ¬DCJ`ÂI\\Jl`êITLDTDRAFIRKNANFHHLD\\DPFR@HGFWXcJC`@JSXMXGdCTJTHD\\NJLFdMVANORBVEJBRGL@TEN@JFL@PSFANHDJLA@OŸ@fA¢@êCA@ JCªB|LL@QoEYBMGu@WEKCSH[G[McAQFIMaAWQeCgCKIOCKBUUeAO_oGOGUDYScGUBKgEUDEEQOaUeCcMSIUOo@IScEUIY@GKMUc_I]CYAaLMCQEMCSQeIYEo@IG]Ia@KIYIcEKSsImGSOqGqGe@KGaCkGe@eHk@MKuEmMiY»MyAc@YDQEMCQGSiKS[skM]MWSYYiKOYgOkG[@SHSAWIaGa@KMUmAKIOU__kUWe_eWQMSUIQkau_sgUWGM_]sKGgiWYueIBGL]CIJMIQRII[@IIQCFSJQLG@KXGEPT^THJAZMNCoc{wQK]YQIe_Eu[mIWG_mCGEaGgO]MMIooo{w__KM[U]]CGQQakQSioWWkacac[IKWIKS@EOEkcUWBEKSQKGMUMggCKc[OOUOOQQMIOAM_YSY]aAIKIEMKIMQ[_MKciKYIS@ESS[W[[CIW]MWMSUYgyIUKQIUMYS]OaSaeuWkI]I_CUBUFULUPGEIQ@WZSAOIIKM_LBNPhHBQKBAOfP\\\\@Q]_S[][OU__mqMQ]UUYUO}sMMU[auIQIYKUGW_iGQKQO]We@KIS@KMKEQMOCMY[KQCKBQQQIOI_M[BGa_AMKGSWEQGECMSSCKQS@QIOMMOY@MUWQYCSOU@GWSISGSUMSYKYKSEOIGOSOQGSFGSOAGSUOOKQEUWUO]MGEQYWSYAMSSCMGKMIGMMQOYGECSIEAUKIKUSUGAOK@KIKQIAKSQ@KUOCIMMUOY]EMBKKWUKOYEOIECQGCS[MEEOOGQUDKEOYSMMQGYWGSQOCOOIIMCOGK[UKESOFGMWMISEAKKCIQKKSKMSBMIMaQGY[][SKGDGIM[UYM_IDOUa_SCKeSCGOKKADSQKqUAMIMICIKYIWQU@YAIBmAOGIDKMK@c[MAAWEGS@DQCIKCGOY]GKUEBKIESUIEGFSOUGMKISKS_MKMYOMAs[SOLGQOKGSCQ@IMQA_][IEC]BWKGIUIGAOOIA]QEMIKKQAUQIABcEUIKICHIAIUES@WOW[UKAKKCAISUSIEMBU[QKKFEEKOICKMG@KOIASGKUAeGOSMGU]IAGIAG[Q@MGAGS@KGAUWCIKEIKAM][DKCMMAUUBIOCGIO@WWWKK@CIQO@SGKOIAKUUICKM]O@IMEOSFIMI@G]QOQBGOCGGYA@U]_@MmUIOGCQ@KII@QYIECO_SKEGDWSKWQGIKOGASGQMI_I@C_[GOEBSQMCBIQMMAUSKQFIMWIFOESKWEWSASMMK@OGK[QQSGIOBIEUWCOGKKAKMOKIWC_GYUkGgSAKYaQOSGQU_YA[QIiDMMMGIBOMSAQOAEUGGM]YW@MMIBMIaI_KK@mKmSUOKEacKQFaGQMIASOKG[I@_]JGSEIEQCWOYODOOAIKYIMAUMIMcIQIWWHIUMIA]OAOKMJESMCESKUAs]QEGGkQEQiIo[OBWGYKQIYIKQMMUKGSMGYIEI[KIOOKKCCISG@GgMKUKGQ@WGKOiUuUOIIOSM]MQKEGBKeSOCgOKKOUQKWGOIMCWMkO_]WEOMSGi[[OQMoUYQGOIGEKOG]AcIKGMAm[CKIEKSKGGMICIMgE[GSAeOOMDKyQIECKm@uIoKMGUS[GKMOGCGIAIIYMUAYGcA}QyI_G_KGISKcKQSWAUSMGMBUEQSQCKQIBiEUGUOKMYMACeI_CuQaC[MiF]HgHFyCUGgELKHkR^{RUDsNYFLiDBq@±EE[CIKCgCySKEkOqYGGUK[KcQqaYBCCLYQB[Y]cSYO[YMgEYDaHIVGXDDGWANQPHFU\\KVCFIPMLMRgPUO@UHaDaCMKAIMCGKQCaF[CGEU@QHUD[BGDW@[JKAOFMA[DUHW@QAYIWDa@GCYHCFULiHsVOFoZMBWJ¡ZNJ¡@yCKK@QEK@[GG@qOsYYOQSBQJSIQGUDMGMAY_SOK[_WM]USUKCGUKSAKf_PGFOWBUGKOHGAGQDkR[JKEcDmPIFWDMAOM[JQBmPWJmFaCKCOQFKSFQ@MFaHSJUF]@]HKEYJM@aLlOT[RSHM@KNG@SPaA]DwAKDOAKDSNUBSJqJKHQBSHQ@_RMJK@MFIA[DYFeBSEOFWFiDIFICSBiJIAUFKAuFYFWBPyHOGkJUAYDQF_BEFOBQDMCYHU@[HGHWBuLYB_L_@OFcFYEcDgBOEWCIFY@YGCEUAMScCSBWCi@cE]E_KcS]YUWAUMg@OHWNC`A\\OIEaLMH[BGGOCYLGA]@IFOGQBe@eHULOCKBOHUFSGcLOCOD[AIFSEOBOEONSAsB]GEDi@GCWB@HWHuH]EeWW@INkTcJ{PgJwJb]FS@IO\\PQFwLsF]FH_AOCBG[UCG{UGMSCAIQGGKWFUAWMcEIFeCIFSEODMIIFW@WHFa@qAIkIcKayUcIWAWDWRCDEZGNG^EFKM@EKUAGGoKe@IKQBMFSB_AKmIoQ_QaW]]I[AUFMlENKMIIBUKQKMQAOLIKMaBEG@KYOAC[AMK]KeCIEMBOGEDQCY@cG[BGCEK_AIDMCW@GFIAUH[DgLO@[HSJTEAWFW@aJYAMGIBgMUAKDaCQ@cISMDUMAIMBE]ICGQBUMGMgFWOGBKQYHQMWAQD[PEAaNWHS@GFKAWLKBAHsRsPRLLSALAMAcB{MUGYKYQYMIKAIHEHUTEFGBiBEKKFOYBOM[D[CIFgFCD[HOA[FKDeBEHMEODgBMBOCMD{BsCYEUAiE[I}MWIqOkS]MaWc_IMGSS_AGUSM@mSgOKE]cQEIGeOQAwWUKWUGMAaDQGuIsSmQiS_UYSYYMQG[AQLSH@RIWUeAMC@OUBAEOKSCSBWLEFaLAH_B[\\KJcV[FGP[PQCIDQEwN[CUGMD_D[CQIYD[BMFQDi@MGCGOIFMUCWAOJICEdGNSJ[GINMH@XMPaACPUNWF@NKJINMHGRUPIBSCcRU@yRO^CRW\\ONUHKB_KS@WGS@MSOAKD[AGFIIMIQ@GHNLFLNH`FHHHTLPNJGJTXDPTFRTLB@JMtIZQbWf[`UXeb]R[LKA]I_M]]KC]F@NSAKLQHKAEJWGEC]CCFYFQRDLLFCNKPa^WPcTUJeNOG_@GCUBGF[KWUUEiHSFCES@CDQAMESS[EMJQCQKFYOBQTM@IELIUCBXOLILBTMLfHBNON@HITFLGJERTBALFHLV\\LPJJ\\GPBNIJWTKNBRQRGLBPJJZPlLRLIL_ZQZMJAHQLALOPSLmTuN_FqFgBMEsDAQCS@]CU]E{K}QMEEIWQQUKBMKNWOYAKIQAOJMJBVCVMRa@KNOF@@_BUKGGKDINIM]AKM[DWJKFUZQH@LKaISTMHGNW@_LYTAJYNFNO^SZOFHJETDHERGFD^MhBRQ`UPYCKRKXIDITJFFLNDLPL@NRDV@TEPLTAHPFLVGFGZMDQIDMMI]PKRQDGHLFJNXJJPBLJFH^HNL@PJPPFN@PJZKJJFAVDLRLDJTN@H^DNEJM`WNJFGJHAHX@NHPXPbDRAfMfKZU^OLBFQ`GTG`@RMX@HJHHP@NKjcOXKLCJQXgLILDHKRU@JJANKRSNWFSM[PDJEPF^LFEHFVHBALOTHPORKXQVinefujaV]PfG@MTMHEL\\L@XCPShYnOZizUXcfwvzWPKDkJKH@LLFGXKFUFELJDBNPETHHNM\\JPXILDAOR@AIDGYGACbALGEGFKB]ZGHKMSBG^OTA@OVOHMRIJ@JIJCHMAKPIZJXNFPCLe@KHIASHELPFLPEVCHaP[JENKDGLYNGJCLD^RVDPB`KFBJETINKN[RICSDBRUHcAWEUMHMCOPGN@FIQ@GHS@OEAGJI]I[SOLALMABNILRBHNGXUPW@IFALJF@LTJEjAHHNBLEZKTMFCJUBAJPNFJIJHFVBLP@NGV@LMP[LMNKDCJNPXBHJJCVLVDRLFJD\\A^GVORDPLJN@XTHTJGNFNIJ@RHPPFLV@CKDIGEHMLGNApUEGDK\\IFIVKVUFMJ@rNPGj@PFP@VJn^LHPTLPNNT\\r\\\\\\bJP^jR`bPhPhFZRD|@tGI|OzGvTAVDNTF`@PCbO~UvDFGZWlDDAVGRCbGlFRGPBJPDJLBTMlUpGNDJQbGJHRIXMbMTE^J@JH@ZJR@VKbO`MXsDPM\\HDCTIRALEVAJHFCTenCJ[bEAK^WXYdGDKZBF_fBJIRQJEJDXELQZORWVCFedSNKNOHCNON@HWPINSPKVKFYhSRKRQHW\\AHMNBF]bQJMNCJKFAPMNOZMJDTEFJJA\\GTU^ENMNQLST}nMPGFGNS^UPIP]fGBMVFNMDEHDPWdEBATONGRMJFPIJGVGJANKHDNMVERY`MRAJMPIFCJOJILEPedMDCTMN@RGDERGF@JS^FTOPK\\QR@NQbKLM\\BLEPCXK\\SZWVMROHORCHOHBJCRKN@RMRMHAN]\\BPHJFXMRKLOTUTFLOTIZAJIFepKDMbG@ER@NMLHPODITBJIHMR@FYjSV@\\YPINGTYfGXHTKJHFEfE@CXIBETDPKPMNCNQVDJIFANDHG\\IFCVBZMTIBMNM\\CRGF@HENFLS\\HJIRATBLSrKLDNGRGLFRIPDJAPGLKLM\\OVMHBFQJAVKRCZG\\KHFJBRGFAPQNCZS^EVJHALKNDNERIJ@NKLGTDNEHAPFPCP@TIDFZARGTKLOlEZ@\\APIRMJMX]`CNRLARENKP@ZDFGJEVQJD\\IJER@XEBCPELBXGRIFUbKDCP@NET@RK^QLBF_ZEJBHOLIN@HILIDSZFXEPEBIPEfSJS\\AJOVLXCRBJM\\GFAfOb@TGLIFAJJZGPa`IFSTML_R[JIN@HafALMHBTFTALMBIVMBAPIJBJCRGJCNQNCH[RGHYPWJMDYVIDO@I\\@NGX@NOHKT@PDJAVU^BLAPINKFBLLLHVGTMVaXGCMFGV]XAJQPCLMDGLIDOPiVMJ"]],"encodeOffsets":[[[38651,-47952]],[[38788,-47732]],[[18515,-34226]],[[18820,-34609]],[[16849,-29319]]]}}],"UTF8Encoding":true}