{"type":"FeatureCollection","features":[{"type":"Feature","properties":{"name":"Götaland"},"geometry":{"type":"MultiPolygon","coordinates":[["@@JCDMSISHALFHV@"],["@@cGUDEHBLZ@RHJALMCG"],["@@KGCGcFBJZNXM"],["@@PDP@DIUEML"],["@@PHTE@OOGSB@T"],["@@FKR@NCBKGCaAOT[PTDHFPCBG"],["@@PDTXJDJRTRCFFRXTGJBJLFATFHFXJHTN@NRDFRPNDTNNFVTFLLDLJHVdPDNNHTRP^bHR`jVNBJN@\\RHC\\AVDRCHB\\G\\HBXJZ@JLR@TJLTNDJNJ^bFZ`XNP^LHHVLEVDVVTDRNPXFBNVVRNRFFVRJBRFXHPTRJNBTEPOP@NOJLR\\DRDPJZVRNBTCNKRHTBZALHT^RTXRHFJRDFRTTdTXFhT^HVA[IGKZOCGTKHK\\DBNJHBNKDHNPKFMCGFMHELQDOPQGASDS@YCgKUKYQYUE[HQXQLBAQNMISBOOOCUFUFIIMOHYCIEEOOCRQSAJGWQCGHKEGUBIEDIKKM@CMIACUDI]CEWRMUCKOKBCYSUQCYDSGAYRCJJNA@GOEZUECkACGTSSAMDEG_CWSBENGFGIINEDMTCDG[K@GPSOWKG@ISAEOM@MMBKLGKKCQJG@SFKMEAOOCGIFEEI]FEKWHBKQQSFWUKCAMMKBEEOFEQSEMFKGGBMGC@M[QCIIKAIFSU]AKUKG_FGMEDGIGFGOCBIIKFOA[O[MMQEMIUEYOQSG[HIFO]gSSLE@IKMIWSaMISYGQ@GIQOOFG@IGQMCJGFMIWKM_sSS]eIOQU_uSeIISMoIYYOBcYELIHNTEJFVP^BNKRYPJNDJGPHhHLBRANFHHnI^BHGHDdHJCJDLITQEULI@FNGN@TKZHfCFJPCNBLGHH\\KD@LXHPLB\\HTPXHRNTY\\VGVB"],["@@KDBRDB[OKQ@GHCPOBAI"],["@@NFWFOGYDGVGFPHTMXCNMbG`BAOOD]BWD"],["@@HJPM\\CJBNABGSEAKK@KHGKcEEJHF@PJL"],["@@N@JOBOeOSKK@SNHBKRJDRV\\GLH"],["@@CCE_JC\\`RED[VQTGXDTGbBLDVYgWeBIJWDMFaI[AmK_OIHPRNVJ`NFFJFdFB"],["@@UESBEJ]VYPDLfBXAVGHGVEIOCQ"],["@@K@M^LHVENKAKSG"],["@@GD`NBJRHNGKWSMI@OJ"],["@@MRLRPE@YMC"],["@@PAJQKKMBCVDH"],["@@GEKDONtAOI"],["@@CF^DNMSKNQBKJKIGKJBPIJ_@SHORX@FEVJ"],["@@Z\\ZDPLDHNABGLGQQQLEMIIWGWD"],["@@LRNH`EDOTANP\\KBGNAPFJM[MSJCFSACENMLBGORKGIAKQAYBMNU@AJM@ELaLT`"],["@@XMBIMAUEM@DPLDHL"],["@@CLQ@MLND^IDHNAMQKE"],["@@AFeT@FZJ`CJK\\@PKFJL@DQS@CMHGOMSDALUPQA"],["@@BKGGNGEOM@aKGFUH@LPLDHXFAJFHNANJPKOI"],["@@OC@L]AQL@RNEFNh@VNV@BGGIEU[Q"],["@@JDJOMSBKWI[FaDGJ@NPTPLTKJFRKFF"],["@@FI[GCTJBPC"],["@@P@JLRAJIKMU@WHDF"],["@@DVRLRAPQCOUCOFM@"],["@@GPiB@HLFNANFRCBMIQ"],["@@HHT@dH^IBK[CGGS@KCMDBNOD"],["@@JAr_LMgJULIN@L"],["@@QISJTNL@NIGC"],["@@KBETd@JIRALMyD"],["@@VCBHTECOQ@YHDJ"],["@@IDDJXDJAAKGGQD"],["@@MLFFV@NISKGD"],["@@GAaNBTV@HLZGAILKOSIF"],["@@INFRRDRAEIFCASDOU@KB@N"],["@@JH^FVABEYGAGQAQL"],["@@UAKJAJWPMA]JFLWLNLEJVAjMHQSI^CPK^EPO]E"],["@@bCCNRBNMRBRHKFBTTRVEVBBMEWYSGCQ]UBYHDJUHEE@KSBKJNHEN"],["@@JFPCKGCKPGOGaHJLAJPD"],["@@RARJGHWAPNV@fCDGW]ODoBDH"],["@@LFdAVGjD@MHIGCLGwGQDGJBLGFOAWDDJ"],["@@ZQEOU@KXNJ"],["@@RHHHJD\\IJWCMK@QEYVAJKB"],["@@EPXLVYTGSOAKICHI@KOEALUPFPOFBJLF"],["@@GXR@NEFMQIKF"],["@@NF`SRCJIBQSBmHGHJLCLGD"],["@@]GIcMLFJML@RKNAJZLZBJOEEXOCG"],["@@]AMJDFdADK"],["@@NGJKRGHGKC_CGBEXHH@J"],["@@VASSSAiVBLLFRI\\E"],["@@TALDVOAKIKO@IIFIiJAHQLO@IHU@EHPHFJXBjIFB"],["@@QBIFO@EFfBX@AIIE"],["@@DLLHhQMEiD"],["@@IJDL^AvG^AXBTG|K~[TEqaIOOEeCcCi@UBKFCPINelOX"],["@@CN_DQJBJQ@XR^FNJVCLGFMQIbQFIQCKG]D"],["@@CJJFVDLKV@NQaKCGUIWHfTWDEH"],["@@k@OCOGQCKKQ@ySKDKLa@UKYJaAAPb\\TZRFCJZPJTNDNRX@BLMPTHAJUJLJ@HVLTNNAJHLANFdE^FPLJNLZCJNPIJD\\JHOHKGEKKEQBOEGGOG@K]MI@UIOASHMPXTJ\\LJKLRT[LTHDZOASRODQA[EGHDJORWDCJZLKJT@FHIRWAAPJT@PMXLFMJFDYRMFKA]NcJLlNRVHTBVR^JDFVHLJNhPPQBDXKNT^VFKFDHGNUDEJUNKAIHBXGPKLOEUL@NNHIJDDENLfCNIJSLBHEXGTBLPN`ZRRhXZTnTRLZ@XLbJbN\\RLRXNLJ`ZPHFHNBFNPJHPRD@JLF^^BHLFZXdlDP^plnDJXRtR\\DXIJFR@jZbHhKVBbLLV@VNXDPXNfN~ZZRbBNJRDRC^ODIPQBKR[JUGEFOHG@OLGKELMJYRFELFNHDBPLDJLENLFLNjDCH@PMHGJHVNPZN`AhHXGT@XFZQbAJGb@PFhAFJPALIHOCIBOGABUNAJGGMLC`ARELKHOXCPIJQDWHMUCMJCNORK@MSML@HOFOEWQOAAWOMKQOGGDDkS@GEQNIBQRKEBeHMII@]PICMUKOHAH_@QICKFI[AQ\\SPK@CMMOcLWFO\\[JYSCYBONMBSM@EMHIHUQQLGMUKEIBMIMECUJIOGGSPIV@`ELEJMUQDIIMHE@MJOX@IM]BKGXOEC_KBGKESAIEBGUKGITKPE@QPCNI]EKWNErNBIRCc_JENFDKdOVLLI\\@HI\\@BNPHTCRBV[`MP@JEIEIUGISK_IAIQIOJPFGNWD_EIEGQOEIDWEMQcF]EsQOIMQcOOSBQiASGCGMAMMIM@UFIfUpHTUOIDIGKHIQEIF[AS@OCBGRAJETCXDCMYQWNAJWAEIeMCHSBUEODUEeAQBiUOAAKJAh@JC[IoIaGSIWE]MAOO@UFCCYECMQCKDMKQBWQK@CMOI@KHC\\@BF^@RE^FNGKKQGYHSC_KSM[@IEa_Q@DKSE@[\\AOKDUAGSSHUPM^C\\FVEHKNAEOS@WJeEBKNEGGaISQ[GAIJS]@AIJECE[AKQS@"],["@@nIjC\\IlErF`RCLJRf[lWZGZOb@FU`QJIvSJBXTXNYFCN@LIXGDC`BLAVjIRDXGZD¤EvHEHLLlKFK@WNQCCLSJEDWHS\\KPA`RNDRCDOZQNADGVChHhHlLNHTD`DfCHUOQY@OD[@IKPKvIVKEQVGUOjI`ApHlIP@XIJKfCDJNFCPTDjXAXPPATVT^JL@AS`DhMLAfgVKZG^QFM\\YGF_JME[JQjiĪƽĚĸMĸ»Ųb©Ă¢ƺǊ̶wðEWRLJTD^BXJPCbAhFVAZFlIRIPCJPaYGFqYh­vLFGrFCGZMBIXBXCOMBMNAEK_HKMQAGOTCGGZAVFMaLEHhí¦TzcÒOGF\\²GT@B]FMIEAKRO@MdSqxexdDFĸNChCPELMLH|RNTpA^dADJ^XTDLbZbCh`LLMFRNP^FT|UlF^H^VFPENnANNRD@PNNZCXODENCTHhJBQZ]PKdlIPSGGNK@_`NIPNBnCEXBPMTBFIVz@LAbF`CpBLDPRLCT\\FNpFPRELOPWPXR^|ZJfZXQbBhAJBRXXCdJPKCGNKFONSCKpLCNJFXBHdTL^X@TPNzG|_MQdEAQVEf[fCRGXEaQdARGhGACRKCGLCCGNEFM@KTANEtMJG]FMLGBMfITHKv^ILGCKYSNIZDZNVO~eBWJCGKNqPK\\CNDXATKrBpABFdEt@nG\\GP@BGPAAKLENLMhSBKVM^SnYQEg@OAgDQFsD]@wLeEUB]JoBMFµL}L­DGEQFOC]DqNq@WCsDYDSA@GOAIDuDEIDIR@^G\\IFKOOeGiFUAOJ]HAKEGBKGEDQFCX@ZGJUp^^JLOVBhELD`CP@DJSJ`FFITBEHRNULjAJIZMPBVUACQEV[hCDHZAJF@LIDJHEDDNPHMFFNN@@LNDVAPEZCTINDLAZKJG`@NEZLR@EJWDFLfAZG^@^KEjE\\UjIPDpO@ITI^@gXUFKJRBbCnBPG^ANEBK_CaFAE^@ZKNMaFMACQ`KFKpA`ENEVAAMMBKGKHOG\\CZ@TCHMWAfQHDREFMhEBGVARI^ETSFMOKkEKHQBMEUAeBCU]YEIqIW@oFQEMDIQeSSCKDBN]ADM_DYNkFUAUHYDONC_FCJUFeFOLoLWJONcHIIRCCG_HQCKLWDeBQSp@dGNBTKVCrK`QGnUbBJHVAJG@IPSXBjGHEFMZCT@lGZQEMRCWI^E[KKULAHPTB@ONMVVQFTHHHTBFGZHPONGJQIGCMTMGGOB_@[EIHFLQHSBQKJC@MuJGHUEaBWDuTEErQJEVARKdGYVCDH\\AHH\\D^E\\BBEZEEKWQgCAGVAGIRE@IWCgHKQ]HMCVOWCOBKEkRCOP@RGZATGJGBOTCBPNALGlCDEZ@CKUGEOTOPNPBNGIEO@IGPM[KHC`N^EOOLCRNTAUKCMRISKSCCEO@W^KENKWECINEdCLOWMVMFIGEOBCHQAQOeQMLWFLOXCEMUBINQFIJMFILQDIRMHaD]RUVaHIFGNGASLDD[FEGNAXMNK^MdWdSZKAIHMSCUHNNkLDL_EGEVGVOLAPIP@HKXGCRXBNOCQTIXE[ININCRBf[JB^I`UAGSDDOIOsDOJJHAJPNIDWDWEKHeEBMVCGIVEDJRARGSAKEYDMGdCJOjQBEKGHUTABIiHHF]FOA]DqJEGLEYEFSTHZCLDRCYQ]BIHYAcTEP@RGRIGCODIQMHEGIPCVMDIKKiCOJ]HDMRBJGN@bKVAJENBONDNNA\\Q@MHIPBTMpS_VMHKNVNFCVCN@TMRSJSEQFGPC`MROCGYCaH_@QHAKX@TKJFVAHEIGPGSCgRUCRITAj[NKMCFEAMYLFQKAGGOJSDKRQDSVQAAPUAANWHOGCGXGOGBKEGeICJP[NGL@LWR]NNH@HTBPGXEDETErKFBeLcRSHmXKbKGUDWJUXQJIIOJEHGXW@GJKBQENK@GRW_Hn]PADGKCrSTK^CvKQISEJMU@MKJIXADIOAHSTINADMcCUHOPM@GHQDKHU@CJUEcHADSHEFSEXGPA\\QAKUL[@YCDERCXIRCLG`GHIPCAQ^UHMQABKTHJH^K`WBGZOzY\\O@Cf[xURGXAKK`S@UGGMBMNDREFYL[VSKOFWAKFSNOXSHCPSF_RKP[R]@@D[LMVJHQHCG_FIIQHK@QNaHINMDQAc^DJeGLWNAJMVGRMEELQCOZEV@MPALGHHF\\I@KPIjGDEVCpQxYLQRKhOjULMTK\\EFG\\MCGZIMGNGRALEL@RQRKCILAVKOEKFaELGZGBIOCIJeFAI]AIIeHO@YBsX[BEF@NI@SXFJMH[DQCMFOACEbATEXIJKPKLQAEPENMJLRC\\ULFXCHKCKOEBOKGoCKAWBDFEPKDKETKAGRCR@`CFKNGPOBKNEFKNC@GWACGOCILIIYFQIYJWITGGOeNQLRJKNUA[JN_SKCIQE[BPK^BXIJKRGGEQB_CREZAZF^GLMJFX@NIhF@KTHJK`CRFFKLKKEWJ_EGEPGHOCKLE^JHKK@NMjMJGCYBQSEKGMF[@JM@KbFZI[ES@KIcESDHWPCDM\\HTJ\\DNGIKiYK@sENEQMKMDIOEBMNEIIcICLODCJcAOF]AMGPQOaT@HGHO_IMELMCSgIKGM@[SgGIKEM@KOIFILBJEAKNI`KIIJIAGSIM@OSOFGEFMICNIGIU@DGE_FIHWbITITSDWPCIOBGHGhLTMAKFMjCHINA@ScAOIOAKI`IhEVOEEBIWBKEIFc@FISBBSJGRCCGUB[EER]CsLQBMLYD^WJ@TMFOCUMAEKFSREGGHOMGKHOXUL@bDJ\\FID]GIYBMUM@IVKGIJKbSBEPMIKDYDE[CEDWAQGBMTCEGRMAYEEFIUECWJKMCFIcORIDIW@CQTOaOLGGYYKJE\\IPBTFJNZH^RZKNK@GIMBIGGQ@EEeIUDWNBLYAOIWBQGEIK@YCfMUAKGJEKIPEEQLOAGaDOIJEbBCGJCBOUSNAQUBEKKPGKGMOcGWYAGOBFPHLCLMFkBAEWACILKc_EJYBGIAWLAIMWBW[NCGYDOHKIEBaIKAKSUIHICIHWKBGEKDMQEBQQGGYiCFUUEKEFYK@UQBKMU_MCOFGGSFGIKHKOKOCDGAIJKBGWEBKKMDWOFS@@QIYVIOMJIEKI@QSDKIGNQMMMC@EQCIMDSSOMAHQEGM@EEJGeBWCKG@EKGNGCGKCKIGIMAQIIQMASOBICIUBAGLEKGEOSYQEGKWOQAJWKEOHALiZDLKDQ@UGQADXIFJTTJRNANXCHL@NENJBNNWHYOK@YEPO@EQC@IiDIC@IQBSZPFPAHJEFQGXLHCHSBKQQEKJJ`cACGIABNEFQGJGHSGKQLBL@ZIABKK@GXUISBEDKCSHUfKDMIFEkKCIJGMGIFUHQQ[OJCCOUPWGSAQQHIYOUJELFJAHMBKJOCOD@FKHM@GEWBEFaMGI@KIGRKQIGOMQWCMMKJK@IHKKQBCRR@NROBAEIKCC@CKABMW@WLCNODZLLL\\CEXAREJQAKGWAKL@JMBCMSBBSQAU@@KaCCCcBMEQFSIqDOC@XOGKBGROANIAOgGoBYP@KMBAJZNHNWJEHQDKJOSSG[^IMRIJUWHIAGIDIXCP@FGKG[BYHETODEHYAGOsIoA@RGB]SWAQD@FUHOCBIKIB[_EUFFRe\\GKWIYDDLUAONK[OCMBSNSBCEWDWPMASHKSKKAOCOFCAKHIhEMQDKPADENELDJSPEEMFAOODMFG\\FDO^CFUJEX@NMWYWMIIgMYSSHHNALKFSAOQUKKKOAERUBWGAPKD[CKMIBBNAZWFQGMFFJ^XGPTTKDKAOIKKDIMQKBKIMBBHGDDNGTKDHJCFQDIQCUcIQBEIMCSHSBOACKOOHMIMOAUKKCBKqME[OBICWBQ[MDCGSJWCOE[_CQPAAKFIWKWGGEUEYIUMcaU]_qSeU{ESKuAkBOJMJcPELKNGQVINUAMDoJ]DCXGFONGNM\\IJERiNELKNEEKAUGQIGAMDM_MaYIKOAGGcMGWIM]QMC[QoQU_QSEUAo@_FHaBeAMESHby^qTiJsFo@gCaI]OOC@PSBsCKAaDIAWDsAcD[EaKSCyBeGYKWQCIMMa@[EuFCeIWGiMUIgU_AeIkSKA_@QFqDUA{FQH½`iHI@WGQJUAUJ]Fi@WKQCULeFOF]FaNWDSHYLaBYGUZRHNJDHA\\K`EHPBXUAGRAEPFTGBMTGFCNMH@HQJBFOLIPDJGJUB]@IJbBBVCDKh[LLLVNNBLRBNLANHhFfL@TLJNBLEDGV@HHWBEHjDXCCHC@TLFbDDIZBCNPF\\KHBBLCJFLPNDJGJIjGH]RSHiVGH_JaIKJQ@NNAPSJM@WKSEWTQ@JXTHZPHLDTAREVU^KV[XaNCLYHGI]@YGM@ITOHDFQLDJS^ALDR]hWRI@]\\CJCdK\\]T_N]DSpKNBPORIVSNORm`OFBHUJKJUJ@D[ZMTIAUJ@NEHATQZDLCXUFKJLTIZGLAVONOF@NUL@D]Z@HOJaDYHSNLDvEpI\\CrMZI`GLGjG^KVEZAJEjEXMBSdKJIBMPCFFVFRPVENGTFHIdKZDAF`JZRZZVbJHUNGLQJS@GFWHYLIAUJAVObOFOhALUJa@OFMNKDGJwFEFiDOHMT@VCNDLVFDTRHJJZPdCNLZLLJpDhGTKSjOXEDCZGP@DGLCXBXH\\L`XZX`jN^JbFhBZInI^EJSFMHINDLerUVMLsKODPPUP]BKGYEDKW@SEHI_AaL]COIUAIJHDFVKZQPWFkACDA\\JBBJGNMN]PYEKHHJKLYNCXLHARUFGJBHGJHJGJONRXGT_X_POFmAENHNUXUHOAIJ[VSFSEcFGNLIJWAKRUHa@OFDNK@LNAHIJA^IPTRELBFAXCLSXQHAJaFOFNL_BQJMBEH[NLFGHNHCLYAWEDTP@@NMHUAMJHJBLCPLFDLWDCJSSQAWLMEKBJPPC@JVFPE\\FPMPFFNMFMKqHHJ[VHF^BHDERQAGJWNHLRBCJUJKG]HKIOASFFRRHLATFP@ZLH@NLAJILKBWGSG@EUAGBoCWHMNMFkJCNLBZ@JF@HZ@GHSF]KOCGFELXJRX\\NNBLFXDJCXF@\\HPULQDPN@HJDQNMBWGOLNFYNWCBCYASGm@FRJFDPPHHRL@JHXFjDIPIDHLIJYGMHKEKDMCFX`ATDCVLL@JEH[DEL]@OLHLGPOBICAMIO@KMKBIIIBK_cOELMKG@IRMKGEIQOM]OE@VEFRTMAGMK@HLELGB[UM@AKM@DLQBKPPBNLFJOLRJUHmIWH@PbNKHCTFPSJSCERVFGLTNSNbRVCBLKD[EKDRHWBJPhERELBLP@Rw@OHPH`FENOHHRKBGGOEIDHREPDHX@QLBHRFIL^NKHBJUNENFDCTEDFPRFONMEO@CQS@@MYHQLDNJHOD@LSDKHBF[HJRKNNNDLH@FUTMGMHaFU@ASSDCF]JIFcE]XTDQRFHTBRTCHPHjJVA`@@FjFLP@Hu@NJVFPLRAHJAJdHCJQCoBwFEKIEYDOGQCKTVDDFW^DLIHWAAJQFQ@MFOP^LZFBJY@UKO@FJdZEDPLNNPJMJQFhR`CvF`EGJ[HQL@F`FdABJMJYB[NCNJB\\BZL[@MCODB^VFLBVPV@FFKLRDV@FFELKJDFMPJLVFEDLJEFHJAJKFNTQPHN@P[JBHbBBHXBCRID_AAFXHRDZXGLLDANGFFHRDHXVDIZIB@THDGLDJVDBN`IVDAHRTLLNBCNOGUA]IQHCLJNSJEPMH@JW@KJPNCLQDQJQFGJAJXLGFOVDFTAPHVAFHLDLCX@FFTB@F`DRAJHIFHJBTY@IIM@aICI[EFEWE_BMEOBEIOCCNSE]PODQHi@UDIE[@]HCCVSh@DUXC]QGLSCYIYJOAMECYEEBMUCSMHGAIU@DKg@MFKEYCWE_JMKLALO[WMD_DMHYAeJJLLVA\\VJJCJLINRDEHNTXF^`VFCHPHBFPHCFX\\LBXXhVLGJDZAAN{HAL`VFHbHLPZFLAZBFHGJOCaHEGUKYEIKQKWYKJUDO^IDBLOLB^KPFJAJ[JP]CSJ]DY@OKOSOBKIOAUVQIYSGOQMBGS@IKEEKKCMS]KYCBMMGKKWGuEMKaAIFTHFJPLJNDLbTVJIHWSQAMEMDSACHWLMLJPF^G@RRN@TJTELKdKPJSDWTD^OLRLFJaDCU[OBEOSK@@IYQQCyBH\\PB@JPB\\@QRLDJVJLVJFT\\RDJVZJPNL\\LEJM@IEU]IEOYQEQIFIYOKOYMQY_CDINGEGOBMAUDOFY@BV[E@E[YQDOQ_@SDIHLDKPPRNAJNMFYBEHb`PJHL@JNPDJNDFKEENEJNKFLZIZ^LXGIXVMH}QEXYKILMJFLOPFD[LQDBJXFVNBFONGTWRRJZAfJHJR@FHUDFF{@FJEHLHELLHKJ@LOBMICRRFEHTZIDCPIDIPHJIPGDFLKHGKKGKHYJKJCdVDHHkIORGKQCMP[HHFEJLRAJBRN@VJTSZHPMAK`@NQEGLEDKRDYlYFSHaX@HSDFFMFGNOJVBTH\\INLOJFFGRTBbAPJUTAHMHJLOLLDIHSBCNLJWB[XM\\RHBPIFCZXDBJOJQGODYNDVGHaBSBQJAJMFMV^PPCAPLLdDJDd@@FXPIOEgBKFQGOFPH@PRXP\\XJCFpZAFX^ZLRB`JLCNJ^HHDlHV@\\FjPnJPIJSVEVKCOHMAM\\BNMAGNSLIDOHG^IPUNEJOD[VCIGRYEiHg@MMS@uH@nBRCR@dSPCZDAHPVVJXQJCJTZM^JFjEJXB^NFX@EN`^EbPJCNOFJFZ`HRJfXL`ZV`xhBVETSNJXRTCTBhCJDNNdCLFRXTFJZP^L"],["@@IKCO[HGFFJVLR@DG"],["@@EGKCUDCJLHJGVA"],["@@Y@QNDDhGNEMC"],["@@SDMPWABLJFCJpBDQVEJOZFBIIERKMCNIREPIPMYFQHBFMF_BCFSBOHJFAH"],["@@ZB`GAIQ@QDSL"],["@@OD@FY@BHPB`C^F\\GGEsCEC"],["@@DIMALWSEOHDPHDEHQHCVpQBE"],["@@JACO[E@JVN"],["@@BKMBKGaHHHCJXBZCDE"],["@@IJMBOJCNXF\\IBOQBHQ"],["@@RHZC\\@bKKGQAFGUCKKa@@JM@eHLHBFXJ"],["@@GDMGGJWHXNXBvARQAEPIEEmA[F@H"],["@@WNGPPL|ECKQMCIQ@"],["@@rQKGMAWPQDRH"],["@@DLNRBHXH^KDQOAUFW[OH"],["@@NA@IKGGSKMHMCIQ@[MiDLJNTZJFRNHJVT@"],["@@LCZBMKEMQFJJIL"],["@@CEW@MPBPZBPEAGLIKC"],["@@LHTKEQQE_JLPLB"],["@@WJDNRDMHLFXCCUQIBE"],["@@_NC\\@JX`PIRCLGfOeYPEgMI@"],["@@JFNA\\DULFHxFN@XOCQMEWSS@YKOH[ADHKFJH@J"],["@@LJNDJGHQGGOE_D@HNHAF"],["@@RORGYIEG[GGP@JKNDLJD^E"],["@@`JfBBQFEMCIKJEN@RNLUS@EEuBSJOLALJL"],["@@DOcGiQRZxP"],["@@GDFZRLZAPCJI@MHAAMOBAGSDQ@QF"],["@@AFOHNFZTNScS"],["@@YLHHOFFR_AQJc@EFBL]JCRVDDPOFCHDNCJNLfB`GXJNJBHZFLFNDCPXEJDnKNHBJJJpRDFHbPlFKM^FhGTIBPFDIVHNRHQFFLBPJHBLEH\\JRQXHbDZCVWJYCOIEDEVBJHNACMLGND\\@NO\\KFILAFIDUGGFECSNGOUFCAQPYEEDKUGEOKIJCS]i@IP]EMBMKI@GM@K[DW@CKOQBG[QSJCF@TIBAJQF[CJLUBMEAIQCEIUD@NZRAJQCcR]GWAHOKGKJMASQKYQ[KFOCQLIAWRoTHOAIQYDK@M[COLHFYLDLfL"],["@@LCGIJCCGYGAZRH"],["@@nHjE]KKHWACE]GKFXL"],["@@J@XETFZGIKmIRS]AOBGIMCQDQAMDTRCPDF\\F\\L"],["@@iVLFPBRMCO"],["@@WZM^IHGPfDlQZCZI@ESIHOOOYCW@"],["@@IJTBTGDIIGYDBJ"],["@@PB@VXPp@JRRBRNNGNDJIMGDEWYMA@OGaKKOCUIU@UJGGgGDPNFZ@QJGRHN"],["@@BHPFNGAMOCIIKAMIIJPHAHRH"],["@@SDBPN@VGDIUA"],["@@bDJCQOODIL"],["@@MFBN`BGILIEGQF"],["@@JJNEKMFIPVLJNDFJTDAMKSKIYIAKaOMBOJMN^NPL"],["@@\\FPHZCKKQKKB[L"],["@@eNKLCPbBRIPQTBJIN@PEBKPFFITAHGdDDIQOyEKRMHEPWJa@"],["@@TA\\cBKEIUEM@OJAPGJMDPJDJLF"],["@@IHODBFZB`KQIOB"],["@@QNCLdDHEUW"],["@@MIM@OHDF^FJI"],["@@TFTKFMCMGG@OUOUUITaFELFJRFPTOLLFXD"],["@@KEGLAR^FFJRISGJCAQS@"],["@@^EACYGKDANL@"],["@@lFNFNGZEAMKGgNBJ[AQB"],["@@]EaFZLRGTC"],["@@KAANFJEHRFTSAEUI"],["@@LAHJRCFQ]G@GKQIAWR@RZHFF"],["@@UDCHKDKEODJH@LHRGDRTNIRDBMgETI@KXCGSZNHM@IYF"],["@@SALOAEWBEJDJL@ATKHbNR@RIZHRG`GHSUFOCDILCaGEFSCODHHYD"],["@@EFNNfRVCJOKAOOOECGUFGH"],["@@O@gLMNRFNAHNNDHMLGCKMENG"],["@@Z@RED@HC@CGAAGQCS@MTFH"],["@@[T@NPBRUEM"],["@@BPTAhMMNLDPMVAHMDQSMSJ[AODCD@BEBIJFFKH"],["@@RDTCDKWEMHCJ"],["@@BJQPNHbCHGPDXEKQDE^DLUcEYHEJSCQDGJ"],["@@IFHPPF\\MHF^EKE[CgC"],["@@eLHHEPFHfKtCZEEGOE[QcJ"],["@@_TTBNPPCGKHEAMOA"],["@@HADUIOAQOCEKUJJJILIDDNKHVPh@"],["@@FDVGIEGM_CIFLPTF"],["@@HRWLAFSHCFJL^@THBFZGJPRHbDLSGEJIKEGMRMIGYDEFOGAGSGnWvUTKJKLDAPJDd@NHLGUMCMMAOGiGiHM@MFQAFNCNSAaJDH@ROHAF"],["@@bLTIUCOMOP"],["@@BLJNRBDGCWIEFIGKQD@\\"],["@@VDNISOOAIDEJPJ"],["@@J@RJZFAKNEKKEMQC_DKFBNLH"],["@@IIKNMBQHBHUJDFYHCVFLINU@UTOASHPNCNNNPGPFJJDNNBLGFRVRMJWAIFLPdfALETDLL^PVDVFJGUMJGQG^@bFLNEFdFVJHIWISAGEFKTGpIZFPAXNXALNJCrCJGFSPK@IIEMDUCgUKCcACNeFmC]ICOe@_SOAUNI@YUODGMOGRS\\IXQEMUEIEGQMB@W[CHIGK"],["@@NLXBHMYGSH"],["@@_JIRPDJGR@FC@QGA"],["@@UNFR\\EFGLU]D"],["@@DOEM]JSRtB"],["@@Y@ELPBVRLG@MQI"],["@@BCj@@CUCLKJAAIJGGGOEMDEIgGYDGfKHBJNJXF\\BJE"],["@@PJUBQG]DOAMEATJRU@KVPLQDXNRERF\\NRD^AGUjLBK\\BRAh@ENPFrETCZPRARBHFVA^PLBFO`JL@AKGCPMEKLUMGTEGKDEG]GI]IBEeOMDOLHFVFEFJLEPUB@KKGUA@GcANIPAHM@IKADIQBAGOBGGbEKMYI_BuMNAIOIC]QM@UIM@UHDHaFVHOLRF@LQE[AQFBLGLOABPNCLFIHDJPJODILVLTANIPJRMPFQXODCGWA"]],"encodeOffsets":[[[18501,58695]],[[18420,58657]],[[12474,58537]],[[12242,58718]],[[12398,58681]],[[12864,57805]],[[16817,57961]],[[16898,58372]],[[17010,58471]],[[15969,57540]],[[16956,58550]],[[13154,56774]],[[13024,57235]],[[15203,57345]],[[16156,57362]],[[16145,57393]],[[15764,57510]],[[15796,57480]],[[15812,57511]],[[16116,57421]],[[16021,57460]],[[15869,57452]],[[15330,57458]],[[16110,57468]],[[16006,57472]],[[15841,57443]],[[15931,57472]],[[16063,57517]],[[15945,57511]],[[16007,57511]],[[19441,58809]],[[17078,58823]],[[17085,58906]],[[17100,58920]],[[17010,58938]],[[12016,59033]],[[12083,59010]],[[17055,59021]],[[12060,59018]],[[12060,58953]],[[17061,58950]],[[17055,58938]],[[17056,58981]],[[12088,58992]],[[12038,58989]],[[11890,59086]],[[19298,59103]],[[11903,59103]],[[11954,59131]],[[11925,59118]],[[17064,59221]],[[19492,59151]],[[17101,59163]],[[11881,59180]],[[19512,59187]],[[17100,59197]],[[17088,59054]],[[17123,59059]],[[19642,59789]],[[11298,60278]],[[11250,60318]],[[18721,58296]],[[12111,60660]],[[16992,59244]],[[17101,59248]],[[17145,59247]],[[17133,59220]],[[11835,59280]],[[11970,59308]],[[17065,59258]],[[11971,59265]],[[16983,59256]],[[17011,59247]],[[11856,59266]],[[11880,59276]],[[11925,59276]],[[17191,59409]],[[11751,59401]],[[11671,59580]],[[17237,59535]],[[11745,59454]],[[12023,59492]],[[12086,59450]],[[11790,59453]],[[11926,59473]],[[11845,59491]],[[12060,59501]],[[17191,59510]],[[17448,59667]],[[17319,59581]],[[17287,59581]],[[11757,59491]],[[11756,59606]],[[17326,59622]],[[11791,59637]],[[11661,59690]],[[17257,59671]],[[11655,59636]],[[11693,59626]],[[17325,59660]],[[17262,59634]],[[11881,59658]],[[11940,59664]],[[17289,59671]],[[11478,59761]],[[17325,59913]],[[11520,59967]],[[11521,60001]],[[17236,59809]],[[11514,59798]],[[11520,59846]],[[17370,59819]],[[17280,59824]],[[17040,59825]],[[16735,60054]],[[11476,60072]],[[11501,60076]],[[11431,60171]],[[11430,60250]],[[11435,60211]],[[11502,60222]],[[11386,60292]],[[11380,60363]],[[11405,60300]],[[11441,60322]],[[11386,60322]],[[11430,60323]],[[16597,60018]],[[11517,60031]],[[11611,59759]],[[17287,59761]],[[17204,59760]],[[17280,59773]],[[11857,59783]],[[17280,59813]],[[17191,59813]],[[19587,59235]],[[11880,59318]],[[12017,59325]],[[17191,59333]],[[17111,59385]],[[17145,59366]],[[17190,59392]],[[11835,59404]]]}},{"type":"Feature","properties":{"name":"Norrland"},"geometry":{"type":"MultiPolygon","coordinates":[["@@OGM@IJSBIRTARFJZGFHHbUTBBITKDG@UcCALSA"],["@@RDPGZHRE@E^@TICE[GkA@KSIOFWAMJBVPBFHAJ"],["@@JEA[kHWAALFNPHX@PE"],["@@BKiEMHZFBFZA"],["@@AK\\AFSKC[@KL_HLLKLtE"],["@@]DaAEHSFIJTF^Q^GdARDjMIGaD_J"],["@@cRQDW\\B@G^ARDDKXBXORONEQENIHOCGSBCHaHILgLI@"],["@@EHDPJBFNROGQWE"],["@@BJK^P@TSYS"],["@@JISAOEAG]@IH@LLDHL`CCPPJL@DWKG"],["@@XJ`DFGSMiH"],["@@CGWOKFaQOBPRWC]WKFHJNHDNEDDLNRAND^bfVFZA@HNLTLRT\\GEIYAAEXGHGMGUAFQCMIEZKGUQGNCKIIQGA"],["@@JUTFX@KKMCDMIMQMOAk@GS[YQ@KJFRERuKGJJNQLXV@HPJ^FJNNELHfHREV@HK"],["@@GDBLHJRJfZPDBHTHDHZEDGGOYCGQOMiGY@CO"],["@@]R]EBTFJEPDFYFADRLFNNDDJJFBLP@HNAJTZT@FMKADSXKAEPIJ@LUEYKAgOPECIREGKLEOMOGSCCLKB"],["@@NIHSW@DJKLJH"],["@@iI[FTN`HZEGK"],["@@GASWOIY@FLT@JFKHJFCHfDBG"],["@@SNFRL@PGGSEC"],["@@AGREyMiLKJHDbB^AXB"],["@@JGFMEGLKOAoTILDHRJ^E"],["@@CCaBJPRDfCGGSE"],["@@[DCNDPJLVBFMXFLEGEYI@MKC"],["@@Z@PFHONOBISCIGeNCHKDVPCF"],["@@GPLP`QDQQCUH"],["@@SJSB@JVFVEDMGG"],["@@SJWXJH^MbGLEGMOCQD"],["@@cCFRZJJPRIJKOQQ@"],["@@[EAJHNTE\\B@IYC"],["@@MCMHDLLB^GCKMB"],["@@GIMAMXNPLFbDVIMKtE[QiAMJ"],["@@RP`CRGPAKOKEFIEGm@_FANTR"],["@@\\CSQDIEIBIMGWTGRHH^N"],["@@KAJgAGJ\\BpEP@LIXA"],["@@MBWCcL\\FtEZI_@"],["@@[J]N^BVCRGKM"],["@@WBgRHTJJfWJKAM"],["@@]GOGKBBJWNJFZE`LXA@IKI"],["@@IFFJXJf@NC@MMEQB@IKKUHEJ"],["@@pGJD\\GNB^KFIMGcB_A]BYCUDDZKACKKCLI[CEDK\\ALJJT@pKFB"],["@@CFfCFWKISHGH@P"],["@@TFdCNKMQLEiG_FEJLLJBIL"],["@@WHILLNKPBL`^X@`EJIXAJGKE[]IAEKUKUC"],["@@JDd@`C|SMFOIGIMRCHQYBDHGJMBYAUF@FSFKJaBYHINMDHNOD"],["@@[JY@KDAJNJbJ@F^@@GTM@Y]A"],["@@Qd_R@HQJBP\\B`KbBTEbBTETAhON@LIHMiGCWZCdSFKPAPYBKMKBIPOIGDOMGQ@AIMAkBMH}EJKW@eLSPGbR\\AVDHQVDTGH"],["@@UDQLHN\\@bMBG_G"],["@@CdIhLNVDOJ@L^TzB|MlOLIL@dSFMWBIKPGUKUJAQsOAIYGGG[KQA]GIK_@GLNHXCJR_P"],["@@SBEJ]AMFTJFHj@d@NFb@pWGMOCEMgFICWDBF[D"],["@@W@K\\\\FJGEQDG"],["@@PJjNIWCS@]YEKIUGQDARRVCXVF"],["@@UFOL@JXC@RQNNTTHPAPJFHTBNIPCbBEOQE]D@INGGMOMYDQGDKSI"],["@@HN@PRXTDNHMLHDBXLCVL\\F`ARGJKIElKNBCJTL^CdBHCDOLII[SCGIOE`IIGkDBH[AGSXA\\GMQsBAKeIa@SEy@UNWHOLFX"],["@@ZZZHZBDIcUKBKIAKOISNPL"],["@@FH_FIL`AVBfC`@p]HKeEFGc@AKWHPLS@gREH"],["@@@QGGSCOHAPVFX@"],["@@NJNIXAXBRMOKW@GJK@YFGJ"],["@@BHPHITJLTLVB\\N`C@IbOOMWGQAMYDUKGkE_MYFKPFHRDHPHD"],["@@QOCSWCKR@NLJjDDE"],["@@QyaooIOSCOmBPGFaGgF@]QCYMGMDEEMHGKOTG@Y^AagDIMYEoUw@wMNUFA}Sq\\aDsC_FOXWPY@MEDI@iKFYQEWKIIDUR@PI{QWK[AOMgAgGKQ@KWCKK{AaLmBMAKT@HGNSDkTcJaN[IHoXOFKRYTS^QTs^XwJqPaC[D£MJEN©GXDHSFWD[X§]hQLK`{¾HTpj²D\\SFvnNEfR`AhDPŋÞ]`gbBDùĀ£HƉXƅ¥rIncäiXā®ÇÍÍ]TxãÄ©üµđCQīNQFaCCC}HOAWHQCwBQCY@eAwDQC{@GFaEOHOCKIUAIDWAIGSDQN@JUFNXVVDHMT@PSHIVXLAFVL@LHDEPœDāB©}·©RđTÕBāDBñƧZ±KZ¡_·PćøÕőÒƌÚ£NÏeÅmÏjg¯È¤£RąàǕKĳhćdû^UrCBÕĔ_pq¨¥ÐºÜè{ÖĄÄ¢ÝðËØ×èqvº ¨²°ÔÌ}°¼Þ¢vn`lnbnJRz^ĤàǦżLBČÒpÄnÐTŢfÔRäQ\\AȔiƴgŶkEGG®ºº´NJ²ªEnG|ErkŘIAdMRwbŃhÉTõv÷z¹d^bRX``HLVVh\\îÂHX¶ ¼¢lXfbh`lnþÔĆÐĸð®Ŋł¾KŲE¶ƒXnx°Ü_o¦W´³ƦƴNƔNÌFĔJƂĦư¦¯Ġ«ür^^~^Ä~~`^dj`n`jbl`j`n`j`fĊÔ¨zĠ¤ jêxzTèvJÄL¢BnHr×¶zã¸·¿ªtøLFĺLt®º¬r´ò¶¸øĄ~ĲÀdTŐzj|zfÌ[ôe¶WƚȢÍ®¦hfjdº®TNvvrO|käQ[ÆbìP ƦzĘbäsÈoÎsÂB°DȴNȺɨ®QźuǶ´Ő²Ĭ ǙóxĪŴØÒÚ¾¾[®_ÐfsXŉÆ¡pȲNȶPVGTBRI\\BOCv@\\BbIbEG\\KrSPU\\S^KdGZ@JGjSNGDQMMWKIKmDoMT[dCPEXUZMQGaABEpCZLhBTCZBBIz@TJWGEjAhMXEDMvIjKLKTCHKxMXIBEXE`KjEjYCCTKAEPQ^O`UjGPbAtSROKKDQNGGITSOITOEITMxITGP@vKVA¬@LGnGZ@hK@KzOdSRAlMTIBOUEAKBY^IÀKfBbFtDpEHIpB`M@CpQbUpIBIVIVOTBLGSOXSRc^U^KZ@`F`@VE^FLAJQtCzPnD^KP@tPtEdJEfBLEOSLMIKBONG^J^\\DVEZBBGzgZDtCMhAXQLC^FzDJNXBTEGQPMfGXAXIAM~GbUjA^D\\JhDNGnEZIUQ@IJGbGhOdE\\OVOªALCDKRG¨[h@ZO@KGIAOPKHMRIZGXMKR_QYDMCO\\GFKWGMUJOKW@IXaZINbN~DRFFJfBZO`A^]BINQGEVSFSXKNKDKXUDQZKAGXMMZAfKHSbKQNEDUf[jMn@^EpGXI@OZUOIUUBMIGiOUA_IMMQEwJKKqKUIISYUCWWMH[QUReXOEQMGDMJK@W]]PMGMESNMIOZICMROMY@G`WHIdQVOFOZAFESKSUJUBSIIYIcQU@WFcCWINSZIJMOQ_GmQIUWGYAAIOIIORIPWdEVGjMrETGdAXT\\JjAxKG|G`EV@ZFX@UXI@GUK@Wk[SEEMbKIWVUCMNCXBdSEIaMBGMC@IQWScSIsBYA]EgEeIUA[DmGYGMKLOaIRU[UhE^Q\\KOMBQOGYEUIKOJM^ObUJI~iNMpUHER]AQRYNI^MjcPE^]TGfYrMTKCI^IJKPIBK|MHIAONQEWNKfQjYNMbGTUTONOTOFOne@IMMASSIJOGKUAWBwVe@NkECkAYOCMVODQ\\_EQIG@MKY@a_OKSH]EQFIPOHOMSDoaUCSaG]K]G{WZYKIcEgIKEUASFAO[OHWAGgAUEOKcKUIAYO_FKXQZ[`OFSIMUMUQGMB]EY@OMYDIRSFMLGBaLKTG`UMWRQpOLKKUTGlAQjM`KzBRKpDNCdELGRQEIYK@GZI^UKMRKAIIIEMBUHIXGp[PMBGTSf[r[ROFM@]FMUEBMVWlMLQPITCXDRIEQKKRc\\KLW^[k@KI@MZKLGASDSLMEi@]DOHSAOEMJ]BH_SGVCFGMKOTWDCHWATQeGYJ]CULYIYDEERSPACSUF]KY@mTW^HDgPGKaAVGAKW@qPu@UNSDGJDPULYDDLID]AUHaBUC[QNU@K[C@MJCyI]LOX[CNQG[kCQCMHW@@TZPCPUFOQOA_L]FUBUEPS]KGKUHHLLBIRJP`FSHUR@JSBASGKfIKCaFq@EMWE@OVYRGBMNIOKQAQGEMOIe@[RBH`KfA@PU@EIOANNTDDLsEJRGNODBJOFGUIdODLJQFBJlLYFMGQDOIMBGMHGGOYOQG]@KNMHLFeJGIYFQHFLIJMAYHEJ_PgFMJUJqFICtK^WPCfSBQJIMCROYGVMZEBEZEBITEWIOBUAmOcDKMOBBHY@MIBG^EJIWIFUNI_@KE]EKBUEDKEKcFBHOPFVNB@JNNYAKHUFHHMJY@FNIRSBUChWOMy@GLYF[LiAIPWNWA_JGFDLOJ@JYHCMTEOQaRQDUCa@@TW@JJ@NV@EXiJAHgHJJSBFHILOBINUAGE[HEFgNAN_R[DKIUDRJcV_@ID_@AQTK`ALMZAAMZSDGGMBWJKdUIOKAHKCON[LI_@YC^UMECIPQMCe@GI]HGJPDCNpFEVi@_PCFkLIJJHs@HSyEUE@MUBDKYIaBMFUFDHULZFNNR@NRIP_F@HQJeF@F]HAFcPXJSJ_A[F]GOByTEI[AAMTIFOSC[QXKAOZQHQAUeLkRMCZKVQPGGI_HCGcF]GAMZ@`MHKZKAEVOWEQQeERUDI^CJEUETEZBJCLSWG`YGQm@BOYBQFKNNF}\\GNRDGHgNKIMQSEXIHKwAQEBOJEGSJIVAVIGIFOpK\\LQHgF@DSVBNRFMJBNT@`MR@\\GdOY@MGDIPCVFX@ZK^ANGRUIKS@cBSNEKFIUC_MGQfG|SL@ZKRYZOGWPMUAgHKFYF`MBgQTOQCJCCuFaHS@u\\KH@NMDEQRjCLDOPUA\\KJqLKCAK^GAIRKKSjG^@TOVIAI^IKCHQjGPD@H\\FGYuOGERKGG_M_BIJUHHOGGILSKGUNMDELmCKGc@eJsBMDWDkLKEa@YJDUWFDZMdGDGlUnSLDWN[J[PdL`MdS_HM`QP@PHjI@JbCKGKQaKHISCNKFSOAIKFQOAgNYRGJYD[J[GeALMdM\\WWAAMJI]BsRMQkREJQBFKIEcECQWBQJYDYG_HUGOLcAMNUBSNoNSCRUUD@MYBuCOJSBOFEJUBAHgDEUXUEILCDO^IJI[LIMEFGhAHGVEVQS@YJS@MLUFIGBIsNSH[BLRGJAXWL[BCTgGWNSBKICSPAPGVCMGRAF[@IFmA@IRMRGx@GITG]CGEeCWM\\CJIXKbKDKMMLCVHDDX@`LR^TEZB`[T@TVNE^@RYYQQHkDQHKCdERK\\IEKhE\\IPI`DHPGRRAANLHnMPOQO]BSCAISEDGOEDMKEBOQGcCJKCGTIBG\\QLJVAHF`InU`IICVYCOcNMDaP]B_FKLUJETcCYNDFQJQB]CaG[KgCSG@GVUWETYXAEMPGXSJ[PGTUQAFOYDBIHcBWAhMDOGERUOMJECOQIQ@PObM\\Q@E[GPG]AYTWCCHQAEKqJGJUASELEGMDKVSPAXOSAIILSQEUF]EGDWGRGEjOiKRCJIKEIMMLYBDIWUDMjKHUYDYCePaAMUDCKeEKC[@_QPGTQRGGGSBYIBIZMaMgJICAKfUYK@EfKDKaDQE]@ILgGDYhOCM[DWELICIBQUAiNW@IHY@MN]D@NWJSN@PLJSDmQUD@KJGDOSCDSVKZBFG\\@BIVBBIXAKSK^KDIaAUJMIkHZOTB\\ASNDNCXFjGTLjBC\\OZE@KNA`OBGMGBYCBI_FICDKNENQlYDIhS@G`ILKMGsJSHYCBE\\CZKbGHEKIOBkPDFWJNEHcLYDEJHD[JSECMYC\\MCMV@HRTDXIPIDKZQQEUFSEcPoFSDIZW@TSMCLIKZAVGRKR@ZKLLVEPGLMASNEQMZEAEeGNI^IrDPEV@VebMFDpGMZcFCL\\JLOPJV@LH^EHObOAK^QFO\\GRFALVNGHHJ^IfOGQHE_GTOHOTIdClABHfIJ[kH_C@MQKKLoPCGS@KHVDEHDVMFMEgJieMAH[XD^DHHP@ZMVCOMPKEWJ_]GRQHKT@JI`BRFGNLDBXV@FH\\@XanBDHK\\KJNFZ]TOZMJMISkCUB[KOAASYAKDQASUQDGM_KRSSA[IOAJOMGJEQ__AWCYRYQAIBSJQmDLKmJQC@GqGE_FIaACNMH_MQ@KUaCQLHJMFGRBJUCDKJEEKSW[AuWFMVEKMmCMGYUX@WQI@@U_HISAKM@AKGCcBqjYDPYAKOK_@OG@QFGUCGEFM[EIEHGMGcFGE[G@LGHOCAKNMSESSBG[IPITHJSSEEGREIMHQWCDKe@DMCKVMSQMACISMSCQUT@TY@MWI]SCMNEESMAQLQDSEJKQKQAJIFQMESDKKUMUJUEKSHSEGTSGEQ@ESMAMaKOQKQD[KCG[@@GVKBKaK_^@J]BkIWO@WPATILHN@lEKMwGLMOIHEQMWCOBBJSBGV[A@FUFOIcCCIWDY[AMJGEUTQBSJEIKLGCUkAIHJL\\JOHIK[GQRF\\CRQJCJNTALIBJRMZUD@JOTCLSIFMN@ESGCAQFICMMUWIOBSeUDYWHQBqYKGKJIOQQFOPKQFMPESWQ@BLKFAP_NgCKSQJVHL\\NDZ^HK`JQFMV[FCNgBIH@ReAWQCDICScaOFG_IKOEEGLMMkaCCH]DOGY@OHGKY@YG[D_EOFGNYFEHWDIJ}MUBOCGISABKIIBiNAAMTWo@eGKPcDGLc@GAASQEHGUGELDVUEAMcKSCPSGEUBKSWC@OQCMGBYaFIGWLOICMWEW@UGHQUGYCKGDSpQHONK@WPIIK]DMEDQgROUWCBKQGIHSQWPGOOIO@KRARKJcEAPGD@LHRM@efFRSBE\\FDIPSDUHU@SEIP_B[bAHWBaVe@SFWINOBOQGFE^MHGYAGIM@IMZGNEGGJKVAPECKVIRFBFh@HWM@iIMIYEHURKVACIJQLBrQSEcLJQLEBQNI[CSHANYBGCgNGFAN[@BP^BJJUFAHYDWPOC[KS@QHBJUCVKGEWDGLNLFJKTYPLPMBKS]DKKAITBJHdGHKOUJEJUJEEQMEKJYJBLTLQBMCAIWAQNI@AbOBIIYMBMMBUEHQEMMINCBWMOHSCOMQDKM[JMHiAIKQUAkBSHICoBPKUCUMSHENWFU@DGIE@OQAfM@OWDEOBSIC@MQIU@HK\\CIUHC_MMISP[E]D^PODCH]@EJMAEMeMFINAJ]VLGFXF@M CCKQERGMEqMo@DUJEiO]BIB@L_RLH_HCEaFCFPFKHSG@LURdNQBSGcZiTURHLIN[NJFSJOI[B@ILCB[RBMQ@EOGYDQTGDBNWEoMKQSAWJLNeJ@FUHSLIE_JJSHEKSHC\\D`GbI\\QRCGrI`@`GPBnEaMEUBS[@QCMH[FONYEGIMACWWHOGWPSDWCGEtCDGaIU@DYaDMJ\\HQFOEOBFPSHDLCbNJlDREJKdDXE^DYJQAULaJgDc@SFEPWDOAEOaBEGHECG`ARCZIDQMGRCLgQK\\MNCRWQEWHQJUB[EQBML[PBHiGIE[@KDcIFE^KSIRILOESMKNAG[QG]LOR[FFLMLH^QEKFaAOKTAVGBEQONGFKOAF_LQ[WwG@Cd@POSG]QOAHIOISYIEAWCEaNKJDHPF_NONDHMNgKgDgHOOLGjCLGL]VEJEfCHIQA[DY@SCgBKLa\\INWLKIJYCQNGEQI@gFYBSU]@MCoCYFOH[FGCZKPIjCHB\\ELBfMXLNABILKNCJJVFRPHH^CZEA`G^@\\KX@RKCMDONAPIGGUCMBcXAKHOeAIFBJ_GODUPOBGMaBSDFFSDALM@CQFO]BaGOMGSd@@FUHHLRFZA^IXKZBFGGIKC\\MDJZNlHDCfGJGAOKEIM[UUAOKKHFPKFESSFO@}LBKQNGTAFKUCBGPKUM_EYAYFQKJAAOmOUKBGNQEOJDPELNFELXHEJ]WO@CH_NJT@LMHoNoCOC^MNUWDEPOBQMeHXUS@GCHKMABINMCMLGSKRO\\EHZTRd@TCTHV@@IMKEMFOaWmOKFKELKMIeEQBkGCJX\\Gd_[KUMAIMLMYSYKWCWBOJ{JEHLHZEAPaFAHeBIEYBUCiNOCSJCXdPfIBS\\AFJVHR@VWLDILHF`EPKf@JBd@NB^ABFYFsDKJCPYLU@_JSCQH@LYGKFFFIHQKJQS@MFSGGKQGYFKEAQUGAM^FEWKG]@aOAILKKSFGRCbWAITAHIQEIIWCCE`MdE@KTS@IOWOOEYbBQ[]@WLQFAJHDcHg@KBCMQBYCQHCL_DOI@IVKRBLIhHZAFCdEVKHQEYDKaCKQ_ENKTACJVBFg]EGGLCEKJWIIIS[OQBAH_NCCNOVKCAPUISOOSI]CQKP@GIeDS@DUU@ILJHMFYBQVWB[ISJ[A[EGKsCMCMSDG_EKSZ[TMVENJ^MEKWIkDaLmH@KIK]JBJcIWDWHmDgJKTKHENBPIR[XaZWAwKyAYEgE_BYK[AYIXWYC`KN@RI`YRGNSAOSGNQBKPIUQYBKGYADPWK{@ZM`EVDdWBIEKHQOMFWEELKEOLSPANJ@PFHIPJFPOLD@LjGTQNAFSbKJMEEgAAKTBXGNKTEVMcEMPQCKKFGtIh@PCXWJLZH^@JIf@NGdEHEZDREdB\\IDEQGWYQ@AIMEUDEN[EdQOMoDMIEMY@UGIHoNELRLjHPANDNCPNEPKCOJcAYHMIOH]CGEH[IOR@RIEMICpANG@MLKUEFGQAMHNJgJJOBKOIRE@IYSYKBE]MCIJGCMMEHEQMPQEKO@CMJIUE_@MGDIpEFKPOIGBOUGcHgSFINB[EIYA]QeBWL[K@IRAGGEUUKBILOKG[DGJOFYA@E\\WKKBGeI`OKEBOZQUGlMEIHWOCDIMGGUC^EEKlELCESSKQC|IAEZ@^DRHTATGV@@MQI_DCMDGU@QFEI\\GwSdCTIIEFKUKDIRCBKUGJIhIBGQCEEOYTFJN^LRLAXMdODG^FHGCEV[DKMMBIEGImUQAOCI@SKC_DMAYFMIMJCNWHWDLJQFg\\GNSR@VOHYREHLFaJOJO@VMGKWBCIFKZKVSCEJK]CEFWE]JDDZCDNcDaGIDOXTFXLRAFHaARHFCPUTMaBMMUFqBcDaHSOQGBGtCTDlMRAXF`E^KNIdCDG\\GZQMIBKWGqH[CAEz@dMDmA[HmGhQJG[A@KUDOGYB}NdRMJSEEYTGhGME_@CGhGbALDnDZFZGPBTKHBjCLKSKNEMGoBINWFSAPKD]@@GB}H@IJGfBXAJBTCr@FAEWPAGMCIBoCsGW@DGXB`@\\KHFXAXFLC^BHGYIcFZMb@NEZ@LCd@^Cx@OIQBcCq@mDHNM[@QHWEOFOGlC\\KXBLEQEzEREAERC@GZ@HE]M[FHHa@CKxWJIX@^KBQOAMG[@CK]EFEXMOIbIJMJAFSbPUDQLNJLKNFdDPGHICIQBEILE`AKKk@SDIEOBGISAIFYBALYF@Q[I]HWEBEPGDIEMPGZWCI^EPDDKSATSBMZ@CGVER@PF^G\\FLICGQBOEBQLCdCZBTGRYRE]MeFOPKAkByFQXUGCKTELGXEXJBMlOJFXIfC^MZAFE]AYJIMgJOEa@QBEE_PQNI@MPYFQJKAdQNQXG\\O@IHCBMlMDClK[AQDUA^MPKKE^GMGaMCF]JQOBEmGYKLG^K\\ErGBIJK[FIIDGEKBMSGU@AIfOLKJ@JIAQMK[ONIR@bWPOWGQDGKPIIKM@EISCESN_ZCLEDSeC_IYWXFfDZH\\@VApLVMDIcGsKEGaAMBOERO[BDSQIEG[GAKJM`@HLNGSKSE\\ECM~BZAHIUIK@JUVJJO^GHQZADMP@LIVHTIXCTLdH^AIUYKu@QCWLI@CKXA@SNCVO@IMOsAKEY_DGTGLH^GRD\\ADCGOLGCISKRCGI`K\\DJMhDHUHGSIIFMgEY@[IUQWM_KIQWE_AOGINeEDEVIdGdJAJZBXHj@\\KLF`GCKUEFEdMIE\\GX@nIhFRC"],["@@SCSL]FSJLbWDRFvAdK\\QZKPBxMBILM]KYJJFGHOBIGF"],["@@UA_DcLKPDDlB`EdKbMoC"],["@@LKKGAUDFFdEHFQLADpAHA"],["@@JEaAoVbHUHRFVEXHXMAKPKQCWD"],["@@QD@FPFrC^OaI]@MN"],["@@_DOLCJPL^GdEGQUE"],["@@@J^@@MrW`AXBRUxG^CuOmG@JfJDH[HIF{QATWN_JYR"],["@@CDsFHPPDRCXWIA"],["@@DF\\GZMHGAG[@ODMJINDD"],["@@IFNH^GNGTARP\\@RCrBNElARITWTCXODIPGJMGA[D[@SNYAUJWH@H_JIJYJEOgHOASBGHQDSJ"],["@@LTlGLKX@TOBWOC[@eNQJMT"],["@@JHREFIN@lIYC_FS@MP"],["@@OHFTTD\\MJMoC"],["@@rKRBPMOCS@eLIP"],["@@OMYHOPNF^AZBFGQG"],["@@WAKDdJKF\\LbBGIBUGCcD"],["@@M@gLCJRFbOFK"],["@@ULNJ\\ArOFOk@_L"],["@@DD|HZBAGdEFOVKNSCGOCBkJSJJDGJFLML"],["@@Q@BRKLHHKHnBjGJGEK[@DI]CEE"],["@@mFMHBHTJRD^APQAKWC"],["@@@SGGHIXQTGPKYI_BSNkJFL\\DJJAXTJ"],["@@JKBMEIO@QRLDAPRA"],["@@g@[RBJ`ATINO"],["@@L@Z[R@VGJGOCUDBHeL]LPL"],["@@FSaDDIUGUJ[@MHSF@J`PPLZ@x["],["@@D^QKOFQX"],["@@]H[A]L@LV@HNLD\\[PEBM"],["@@TMMG]LOPb@FE"],["@@]BKLDDIVuAeNKHJFVCXBzS^AXG@MWGHK"],["@@FMXS`BZKQUiBSHBHYL[DKHcNO@OMDWVIMI^EFQSGWFDFcVGL]B]JENSPYFHPYJCN^@BL\\JJAcfBVMlENEXF"],["@@L@dIXOxUBGgKI`QLWHeP"],["@@jEjKHGOQO@uJgDYRBHPHWNHFtOFG"],["@@W@QCBMeJZPMHlNFH\\ARELSJIs@"],["@@HITKBIcEeJ]PDNdAZDHC"],["@@OHBJOHbNfEbICTRFx@BFjFRF`WcQWBCIQAFOSCCOWEMLiB[A_N"],["@@OLCRPTCZFHCLU"],["@@QKSEMFBHUFTJJJjBLCOQDA"],["@@SJLFhMDKSEOP"],["@@FBjCNBdC@FXLVANJZMGOKKBE[AEGFKoQFMS@KI_DOJo@YDGPKDBJAlGFhBDSbCHN"],["@@NAFIGITEHMaDGEROiFCHRLMBMHVJTAAP"],["@@XMVSH[gLSNLJQRLH"],["@@STWPEH`ABIZUXGGEYD"],["@@UFDLKLrD\\FHIXBFHDSGCMRENS@SLEjMMKcHKFDHIJaXMK@KNCAMJC@SYF_LW@DTQFYTGB"],["@@AQ_BELBJVHPM"],["@@ZGGEYDSEWJFHOJHDhGNG"],["@@[KUEGTXBhPRGWK"],["@@hLRAOKUCMGUDELVA"],["@@`EIGuHNJRC"],["@@JGKGWCODKJSFdJfI"],["@@GGJEKIO@APFPVG"],["@@HGDYX@@MMAaPETRN"],["@@RIOI_NON\\DRK"],["@@HIYAKTQNZAVS"],["@@XINMcEOFBHLP"],["@@LJMjHL^CCIpSPB\\MJKEET_BSPSFaG_J_DARSB@J`FFFSFDL"],["@@K@ENXCVJVAVEDO\\IrLEMUEGIaD[JDHs@GJ"],["@@NQcG]HHHQLR@TEXD"],["@@`IBI[BOFJL"],["@@V]iAaLEJnJN@"],["@@FMeEsFXTV@BHUH@J\\BUHXF^S@MHGIE"],["@@KE[AOF[RWDBHbIJHRBLEZAFS"],["@@TMEIOAgV\\@ND"],["@@FKEEkDQPfNXO"],["@@FKMGeGQHYTRNFMPARF`C"],["@@PAlFDExHLGTB\\C\\QGMHCEpQSJcsJQGLMGKPEHQuDWLBDW\\ODQPHNHGNC\\LPWN"],["@@dAVFLREFLL^N`GYGGcEMKeI[@QDw@kCi@SFZFCLTJ@FQJ@JZCpQOKRI"],["@@WDKPH^LA^KeM\\KCI"],["@@XL`CAGpKV@ZGOEGIQBCGVKLMpISK@INK]@aPODuFQCgJFJIJNBOThDILYJNL"]],"encodeOffsets":[[[21775,66434]],[[21997,66600]],[[22124,66665]],[[22259,66697]],[[22202,66712]],[[22446,66752]],[[22320,66777]],[[20361,64998]],[[20350,65068]],[[21277,65131]],[[21489,65337]],[[21421,65228]],[[21420,65334]],[[21311,65161]],[[20771,65188]],[[19080,64650]],[[19314,64668]],[[19342,64697]],[[19213,64630]],[[19261,64661]],[[19122,64667]],[[19349,64707]],[[19379,64722]],[[19320,64781]],[[19261,64772]],[[19637,64786]],[[19980,64963]],[[17730,62131]],[[17764,62169]],[[17865,62200]],[[17730,62251]],[[17628,62505]],[[17738,62641]],[[17641,63051]],[[17613,63069]],[[17800,63090]],[[17802,63104]],[[17640,63120]],[[17941,63203]],[[17820,63035]],[[17731,63042]],[[17683,63050]],[[18121,63678]],[[18058,63933]],[[18000,63877]],[[17820,63935]],[[17965,63925]],[[18368,64080]],[[18471,64156]],[[18707,64393]],[[19081,64522]],[[18952,64531]],[[18432,64207]],[[18638,64274]],[[18392,64283]],[[17913,63446]],[[17913,63446]],[[19080,64554]],[[19080,64592]],[[17792,62111]],[[22321,66820]],[[22320,66885]],[[22081,66939]],[[22029,66905]],[[23040,66975]],[[22589,66967]],[[22908,66960]],[[22437,66907]],[[22990,66960]],[[22179,66961]],[[22498,66960]],[[22317,66960]],[[23152,67021]],[[22451,67092]],[[22550,67072]],[[23265,67045]],[[22617,67056]],[[23221,67073]],[[23040,67076]],[[22621,67064]],[[23264,67087]],[[24321,67178]],[[22916,67188]],[[23041,67201]],[[22961,67202]],[[23158,67182]],[[23153,67222]],[[24379,67210]],[[23534,67223]],[[23354,67098]],[[22861,67096]],[[22861,67115]],[[23118,67105]],[[23220,67119]],[[23346,67142]],[[23081,67139]],[[24747,67280]],[[22963,67285]],[[23400,67292]],[[24287,67321]],[[23383,67321]],[[24056,67321]],[[24121,67297]],[[23758,67321]],[[23996,67333]],[[22952,67373]],[[24708,67378]],[[24661,67384]],[[23295,67437]],[[23801,67373]],[[24018,67376]],[[23009,67398]],[[23293,67385]],[[23326,67385]],[[24419,67357]],[[23280,67321]],[[24332,67364]],[[23179,67364]],[[24723,67254]],[[23336,67245]],[[23183,67242]],[[23649,67241]],[[23566,67253]],[[23266,67253]],[[24576,67272]],[[23418,67321]],[[22860,67010]],[[22657,66986]],[[22681,67045]]]}},{"type":"Feature","properties":{"name":"Svealand"},"geometry":{"type":"MultiPolygon","coordinates":[["@@IVIDHJP@JG`D\\QWKMBYHIK"],["@@IDRJ^JjABMYQMCc@EN"],["@@CJTDFFV@RAC[WKGBWMEQOJWECL\\LPVDB"],["@@FLXGJF^BIIMEOK]EFNEH"],["@@DOQEYBENXFV@"],["@@V@^ISIaHBL"],["@@a`QBDXCLZBLATH`CREhUAGOE^EFSCKNEKIFIZSRGFG\\IMGUCYJAMdG@IsBLGdCCGNGSUZAZQAQTJJBDMIMLKBMHIbPFVRBFHXUR@CIMI^KFIOMUAIGPG^@IONEAG`MkBBG_FGHW@YFARY@@NIH[GKJQJIJX@TIFkJGFHHeDKHHHCJQPLBCRDLK@KPSJBLPHEF\\LULMNDLV@@HNHIT"],["@@JEEMeAiHCJODNJtL\\KBI"],["@@QDYRDFUJFDdKXCDINIUE"],["@@FEIQOASBANNJBNTEFG"],["@@KLHJfEBGRGSAaB"],["@@EAmFMD\\HJJPBXIHQS@"],["@@KAGGOCILQA@RURTBLGRBHERBJW"],["@@RCKKOCS@GF[HJV[@VLtECGNM"],["@@VBPGLIGEuJUJJHPBHG"],["@@fKUI{EMFQBENDLPD\\ANDTK"],["@@PGA]KKSB]NNVGNjA"],["@@JMO@[HYPZBbK"],["@@GJPHSHHFIJJPARLFAJ[LFRRCVH\\KDCXENI@U^@TEDKECHKLBXEMEPIJMMCGHOFEW_EaBQFuBMF"],["@@MFGJbHnDHIUGDO]CQJ"],["@@aBDLhFDCMO"],["@@l`LFLP\\XJ^^FJCFOVANGBGEQPIDKGMJASUP@PWQCGOIDUEgBWDSAGC]AEFgE_BGPfTJL"],["@@DH\\CbOLOWDs@AHT@SP"],["@@^MRQJYW@Q\\iRLPNC"],["@@~HOSWFKCY@PJ"],["@@W@BNfALHhFbJLEHORDJHRAEKMEeGcAcJMGWB"],["@@CDdPBFXAIKQ@IISA"],["@@vHPAOAJ"],["@@AJbBbJDIKG[C]@"],["@@KDALqEAGiAGJJHlDDBrHNDdC@KGEgEFG"],["@@LLNFHI@Q[AIHDD"],["@@LACISK[PTRXDCM"],["@@EHLDHP\\PVKKGHK[A_I"],["@@MIYGKF[@QIUD`FBH]FRLJENF`BHGN@RHBO"],["@@CGXEBIOEQDCNPL"],["@@VE@GQC[@@JXH"],["@@LA@MOEMHALTB"],["@@HL\\DNG`EGKSMKPSCCTQG"],["@@HATDBGNCWIQAIHHN"],["@@AIY@KM]J[@IEQBOCFMEKDMIGDI[EIEBKYAgFYFEHXRAFPLADTJLLZPRLfHCJVP`LTDHGNAJKGKHKVHDO"],["@@bPDHp^ZNªhTP\\AMOMII@IM[CSUMCKI_SMQUCO@UKOCDGOCWKYAOGoGMBFNTBTEFHQHtFNFDJNH"],["@@XLJLTFDMRBHKWC{A"],["@@LJLMXFBGNCYGWCU@IHRN"],["@@gU_AFLlNVA"],["@@PBdCLMXCYGCGQEUDSLKGY@GNVJbFGD"],["@@DNN@ZFBQiGCF"],["@@`CEIODEGqDLNb@"],["@@QN^DZCQKSA"],["@@BMSFKEKF@HLBNEPD"],["@@]MU@EFPDDLZHPICE"],["@@ECi@[FEL^ArFBQ"],["@@PDrCFJ^B^OIE[G]FAI]EKBOCMDKEDESC_ABZlNXD"],["@@FFMNIDHJ\\@RCBKKGYI"],["@@JTEDLJjODGGKFGc@EEMCBPED"],["@@KBONQJFH\\DVMKMBI"],["@@IfHVLQF]@QOF"],["@@AFUF@VVEPUME"],["@@MFORPHJMJHAVQFWKEPTTRDd@NUDQIO@KQWSJ"],["@@h[QGKGMAMNYHBRMH@HrAFG"],["@@HAFULIJHIDLV`@LGP@CUBYECC[KPHVO@MICPcEETMNHP"],["@@EHnAJCDIcAEDKF"],["@@OGUNMPLHTA`KKO"],["@@QPOGaPEHWHALOBcRMBOHAFvONGfE\\ONA\\KHGhGFK_CMD"],["@@OBELFJEHWNFHZEBMVKAQGC"],["@@dRVBOWOKIDWWGEGSWUMEOJeJpPVXNBFJZR"],["@@BQAMGIA[M@KXLBAJTTEFLH"],["@@ZDFEMQQACLDJ"],["@@ZLZHPEESJKCOOGYAELWHFJAN"],["@@DNR@GKV@MKCIBKYUMDUSUFBLMBRPPBBHKHRJNCTJ"],["@@P`XD@OYWFESK@V"],["@@PGDLCHLLVFLMTCIMOK]CDE@SUSTCb@^]FSQKJGCGLGIEaCDGEOG@eNIECCFRHDNNEPBHTEHDTGDCZBLbIMTGDB`EHRP"],["@@IPFJNIHLPBALLV\\Fp@BIOCeSYOIKUAIE"],["@@bLZEMOHE_IkSY@GMUCOJKADKGMhIbHJICGaAmDICLE]KaF_EKDGHEPLJIHM@JN\\BJFLTJJKtXNBTJ"],["@@XBBEMQG@MMLADOGGNCEGSGEIS@FRWKUBJVbVPRFLNJ"],["@@BRTDXABKEILCZQLCDUTWKOP@LGDKKKRQIEAMKACKHMKITK@IOGISHCAMKOYE@IVOAIRK@IYNcZMTUKGJQBGJHNBJNFAhIFQGQLCLFR@RR@X`RFBRS@JT@PGfMNND"],["@@FFZJHIGEWEMKIHPJ"],["@@JHNXJG@QWGIB"],["@@CE@S]CAJJJZJ"],["@@YCLNbJDMWE"],["@@EGSHJRPJXFZI_GAIOE"],["@@aEEJ^R\\AAGOK"],["@@VJ@JZJXBCKTC^BPDRCGK[ICOSBIDKGwOGBUGQIMFDLVLVX"],["@@YGMFVNxTFKkS"],["@@MCKG[CIFjRVA@E"],["@@UARVTRTBMMRCgU"],["@@\\RLOQ[W@ATDF"],["@@iOEPFLHDPGXNVB\\QUEa@"],["@@WLLNNDxAXCbQLH^BZEMG\\@VDNE\\BfCJICGDEBMFOE\\CVKAIQKWCOK]DeCUHYB_P_REHJJ]P"],["@@KBGJRNRAFEXIaKGKBoNSNQD"],["@@R@`IJGKGQD@FQDKL"],["@@rBhIGE]@eE@Fc@MPdA"],["@@bB@DbDZANC_EMGUBOCWL"],["@@dBTGTUQESDYJKT"],["@@cTSCKDQ@BHTHVETCLEJS"],["@@GHXHEFTH\\CFG[ScKIFJH"],["@@MH\\BlDRBV@CM^@DJRE^CDKVUVBHICMK@DKLMMWUBOQMEOFiGSMGHBTN@\\FUNGLRDVA^IDFGTSOUBGN]NMNYDCPKFBLYA"],["@@IJJHdOBEISGPSH"],["@@SLI@OLKPiTAJUFICSDQEsTDTbB^GRBT@x@HATBPEDN~GNBvIVK`KHEXEXGWLGVDPGEGM@OJMEIFMICI]@TMLMQEOHYGU@SC[KQBSLMIOHSTULMLQGOB"],["@@MFP\\P@@ILMQ@KI"],["@@UBGHPD\\CjIGA[DSA"],["@@U@JJ[Da@gF@HNDHPfL@HQDmINOWGYH[@OHDLMJxAfAtFXAfDJC\\N|@PHX@EIXC[O\\G_KSI]IOJQGYAAIZBLAMQMEUF"],["@@fXRFT@\\NLADQlACSK@_QIGGQcO]N]DDZQDLJ"],["@@pPOLRHUNCJUP@JKDFRLJIDAJIHVFQNQDOJER_R@HpCHMbJTB`CBG`ETKVC@KFETABMQCHGTC^KHBrCBISIfAFLhDRC^]PIgDMFeCS@UHYCcFaB[FAEJKRBDH`GVACKFEfDAHT@`ELGXCDIMML@NVXABIJSCILINDJGAIKMSAGG[EGF]KmCOBSAuAIBqA]BQFUJQ@uPPJBH[@AEQ@MOWARSOAK@K@_BGBgAiJCXNDFHSFLHTH`CJJm@@EaGO@OJUASSaUYGSDWC[DWAOPLTOZLTdPJAVDJNZFVBJCZFN@JMR@bJDHVBJG\\EFDbKHBONnGLG@G]GGWGDGRDRCBI"],["@@INJN^MRCMKKJUG"],["@@WWHSHGMKiCFR@TCFJJTKDJ\\P"],["@@VFUFELTLX@PFHXKFLNJBJLLE\\CTB\\NtLDEnG\\FdC@KoEY@MAUKVEXRPCOIB]QH@JMDMCBKGIUFFPKFS@AKRD@KMeZCEI[Cc@_B@TiCKO_KaCHRLF"],["@@W@WHWBEFNFJENFTIPBJEEG"],["@@XQCIeDFPLH"],["@@]GEJMCQH|RDKPAZBDKKCUHGC"],["@@\\PLLZJJHRHTBFFVBFICODMQQZFHGaUCISKOQKWUGIBWKJCBKSSKGDISMM@KHIGMDa@QHIRYPLPNINDJJN@DLQFgCEFfH^NVPBNmAEDlPDG\\D`P"],["@@YA]BcFBFVDJCVDnEII"],["@@IR_JIRBTMFJHTAXDR]TITU[OSC"],["@@MHC~GLCHGMGeAeDaFUP"],["@@ED@LZHRILMGK]@KL"],["@@HDVFNMIKCOaGORNHKJRD"],["@@`CUEGKS@TKnA`F\\CmQEDcDUAMEKBOAWDPLVCHDSNLHFLXB"],["@@AF^@NEXELB@QUAQOKGIHMCK\\ANLB"],["@@VAXD^KGEYAWBYJHF"],["@@ODPFVG\\Ss@BR"],["@@@L\\XP@NF~FPEXEOOQGCU_KYUQHIHUHIHCL"],["@@IFNHDJMJNHRBNSAGYINEIGOH"],["@@EL^GT@FEOEaH"],["@@XEIE]BMDXLFE"],["@@HI]@aMWCW@EDZH]DXRM@VPb@pU"],["@@PDLLCNNHfDFHBVT@ZFjRr@HGL@NETAPCYY\\D^H\\BvNPCBMKAQBMEYCOB_CMEoGXEGEmEXMQEQASIOQgLKFKCZQaDDSHGRELWY@BGKIUCIJ@VMC@GLURKIO@KUHIHUABUCE[T@PEJCTQ@KHSVCRDHGJJNXDLF\\ETBJEfABLSESAALeEAJPF"],["@@RFmZ]TUNALgTNMKKFBLOBAHO@[HmHs@cFEAoBqASLWBMC[DOLMrHLIDAX}fUPYMYCMJZTDLKH]JuLSGeJANKHEN^IHsNMFSB@LENMFDHKDDHQLBDgHQHcBRbWFQHeDe\\UFBRcFNR{`yHOM@S]WSKGcWAIEDMoKDLMTEPMLDHOLcIWDQWIAgBaAWReYYI]{WQXOPOFKOQoEEMS[KDOQKCoA_DaEKBy@JUAENSAOFWmDMAJO_M@`MLHHOTkJcOLY^ARgISGMDCFWPYDMM@OQCMMmBFMEO]U]GkE{VESO]QMNEKKg_aDaYCKWSI]BC]coBMS{QKGKNOFgDMDķCEwcwfrcT@NQPBLJFENA^S@±HE[HÑPyd¥SgîGKFNbUEYBHHSDHPRBLN`GFLMBANPNWDWAAJYNDHqEEHuKg®ZErHZObIODQJkJYEUBgEaBODWI]ASCKIXQïF̵xƹǉ¡ªāűaķ¼ķNęĩƾijIRF\\INE`H[ZEN]RYHULehKBgN_CBTK@]IUSBSOOBWiWSCDOMECIeDILWJO@kJoG_BiJVPUHFRULuJOLJL\\@PCZ@PRGVeD_CSCMGkKgGgGUDCHMBYRCPQDMC_QOB[LGTCXIFKTDDMR@XELkLKKFGuG£FYCWHQCiJBUAKD_HCJW@KDMZEWMWSIAuTIJ_REVa@YPYHkXe\\IQDK_QqEkF[JiDmJFJGnIBNKORebFFYZKzY\\A|MlMZchÞABNhnb¸dÜJPJPTJTFVVTªDEJ@RGDFNAREJ@RSTVVCZKZ@PaRKTWLKLUJkB]VrPjPHHMPHH~BLD@NPHZJVFC ShE JvF|MfFfZrĢ°¦|XpZhvbr¶a~i´KjRJnl@BÎsSN­MIFÅ¤ì]C¡®»ÎdNLĀ^ÌV@ļILbF^LXZ¾l\\¾XztÐpɩǀķAwGã¨ËxŏêĢ\\ALrìb¬R~ZVX Zh¸ü]ĈcĴgǖLĆß¤Q£°ÇhÐiÆnÐf¤MƋÙŒÑÖĈ÷O¸¢`Y²LƨYòAĂCÖAĒSªQ¸ª~ĂAŔCFOGC@KUKBEWKJUTG@ONSCGUUMWVE@IRMTCJHXBJCVBLJPDPGbFHE|@RDxCfBZ@RDxARDXGPB~GDDbDREĬMDR¶ĒªûäÃw^SÎÎÈĂ­jWdãJmq¦ƆƊW¤GúÿACha^_ŌÝCOBgQ_eMFumTEC[±oiS½G|L_RK^g¨\\WXCTECGHWªFMNI¤\\CbDrOxIWt]RST]ZSLQPEpWJG\\bMdIlSTCHM@GLSNBnAbK|BLLXD@LLRhHhBPN\\BXL|ROJQ@CVJJXLRFEZjL@CJNFZ@XOPW`EtDbCr[~TEBMVxNx@pVZFJNCbh]B@ZSHLPGHFNCFHNZNRD@^hEbHHEAOnDPPTJppbRzLI\\GTB@R^KTGRFISHCVALJfAPDCJt@nHFDXCHFALRBVEYGBEVBvGJBpEP[TE^DjGCKFKe@cGMY[ISFICQUbIEKXCJIDKR@PADIIG]I@KfBDGRCQMXMTQVEDE^@BLMJMLCNDLjEFNTGKI[@KKPGR@ZGMMRGTANIDRKTKDGRNnFFXGGGLGRDDJPLJBLPAFVFZEfBHHAJPFXAVJzDFDV@BJjDZCLLnHlELF\\@COP@ZIEMVCIWSFCG^WN@GMDI]MZ@HKNEOEGQiBESbDBSRBlMXAJIVTBMAUFKR@@KV@PIEGUHBK`@FMGQPAPKAKJINANHNEVSCEZEHKlFDD`CGLMDIHYJFLXLPKMSXQDGEEUFQCAGXG`BJEV@CK`ABKLEPFCHRBJMXDCKLG[CAGUEMMKCHMLBHK{EAG`OPCJHCJLBTJ@H\\LDD`AV@FLGLPFPGDM`WXF`BBGdIDINBVCRDVARL`CNCPQAYyPCGdA^GECNKVDXKLK@MHMQISA`CjC\\GLE\\CHC^ENKP@XEPD@]NICMO@SMYAiDWAqFDKdEZSXNHCVJRGTAdKPGCKUBIEU@AGaHLH[DAJYCUDIAFIRSO@[DZQL_bUFBJWL[FkTQXUFMPU@OFaBULRXGH[JEFuHLKRCHGHYZBDKNC\\O@GVIAIXI`EDGXGTILKDOVCfIXOFMMGSBCOY@JKKMOBMEzGMFOGCXMFHfBVWHKhODEQGJMTODSFKBWR_AhGTJHGHCZJJUbTLRDhI\\LJAAI^@vERIFKKQjGNDaHPLLBREJFvKJITGDIC[BWFQ@_LKJmPOFKTcDMZ]FDQRBDMNEjOLALKNALOPGFVGF@XFJXAVGHJGX\\BNEVM^AOSOEAOPEJMOILSLGGGVWBOT[pqFKEEHICIfAJCHMMGFQNQ^[aCTUXFJFRAE_THbBDKTIfEbFFGT@EISELMAC^MDIRHUTHNPFFO\\DGKM@BKZLbU@ISCHGNADOGIQETIAQOKHEGOOKKFU@BHQFKHIXIIOEIPODMFBLMFBLKNQC@LILcL@LcHKJJP[JUNDLUDIDOCSNANUCAGbUFSRH^WCIOAIKHA\\LL@AMTDRIAEPGEMKKPOK_KGIQMMeSWOCMIA]OFMMEiBoCWKsGMDWK_EEHS@eQVE]GDCfBVJ`DlLlHRB\\JPE\\AbJTCPSCOFGOEVEDLCLFPMBAV|DZCDGRGLFLC^EC\\GHGMOEMLSYOEKWIMBAIaG{CKEMFc@@HILQCKFqASAa@JKAI[@UDQEIDSGgKHEqAMAqAeCOMME@IOSDGOGGLeFJIEKSK]EMENIZJHGd@ALjBFGYQBGZO]GDJUF@LQFGEDMQOAEMIYFYL[XRPSA[JMCXKTWjOLKDK_UKEBMQE_GEISGWC[IM@UGYAQMuYQC]KQAGGUAGCMOYIUCBGYMMQ{EGSOA@GWWOAiJmCYF@JJJSBHOQIsFGJcDDGRCNILAfKAEYKQALIQAiDMAMDCPaIIBEOdBvCZ@REBIICYBIJOAfKTKHYX@AMhHJGZCEKoJSGpCWEcJGAeB[@KCcFwA_JSDSCUBYLFNCJDJLDN`^CLICGTGFJQN\\LCLQFSQ[AMFMKMTJFGHKAQDBKMCEI_AWeIGFQJGOIU[KGMBWASFBMLCND`I`ELMPCXaVDZIBGPEEIiHgDQCeBOUVEnE\\DNAXDNC|JzVZALQAOIMJEKELKNDnCxBAFlPDKEKPEDISAQENEXHJICMJOPGTDAJHLTEP@JQW@OIU@KDSCSBWPeFaElQLGXCFGjGHER@hKBENGZ@FERENMNCHMRELO@QSCGVsT]BMAU^GBSPWNOGTIFKLGKEODCGPI`DpKR@TKXIJIQ@YOPIWGPE\\P\\@OIPIDGR@JER@BGOGPCLJIPHHjLXGSGNIWESMCIcSUCKGQBJLSHQEOOKEQ@AI]Fc@_E[AUGKMJEEGRI^HdNFCOMBEXEIE_EgIyEQBQG]GHEAIaEoBNLKFTFRAFU@UEBLVLXFLJUDGJfHWHKCEIWGMAQKhBFEgMCC_KID]Ke@WEAIKGsAGILIEKMIuJYASKYBIIVK@_aC_TCJBTQ@CIBIPGHKVMGIUKPCSWQLDRSGBOESYGNEGMYOUMDOTGBIRBHKMICQEGSKBESSOIFMMQQAFMOEMOS@PN@TGJFNPPNF_N[aFAMUHIESBSOGEJICINHJODL]@KQ@GR@JQFFHDTNHFNCNMTBJKBENmgWHIVM@KHktCRS[P@FILC\\]DIXMDO]SJIMWICeRBFIXDPEROVAaICIPGFOlQAJ\\N\\HDSLLHIPNT^ABHIHAPIH@TIZDRI^BNPBHHRJEFYFJJOF`NVDXJ]PAJHPUCIMaMI@JSEMIILWAIU@_D_MSVBLGHFVRJWFdDLJGFSVE\\GHMpUPDJOPEGHKEURK@MGGHGVKF_EQWGuJDITCHKYKYAEKMDIEFSZIKa@OQFKQLSIIVMFKCEDMW_FGA]ICDKNMMI_LGLBHQD@OOGQA^YXDNGPACKOD]IIOP@HGNA^HRQ@QQGDKVEIG[LiAOJICUF_ECFSAQJGCnYNMBOEE^IDAF@XAHISAcJBIdSCIYAmXWJY@CH[NMRUAQPCNODGHQGJCROGEVGHICGdGHMGGBI`IOQ[JELKCAWJGDM[DcWV@VKVARICIXATKEIMHWE_BYPUIOL[J[DKIWC_RWUfABKKEJQEKJAYOZIBG_@[TYH]KBQSF[PKBQHUCDGPG_SLMAGOGM@IGW@WDWJUCOJWBONIC@MGGUHi@HOMEULiLSPHLQJAP_XKBCQXMSCPIEMMBUJUBCGMKODOJg@CGOfCRF@HRDZGPG@GRC_G]IZOcAMIPCFIQAiFU@ICOnFfBAFTF`BFGP@LMUEBE]CLQAKGIeAOJSG^EFEIQ[H_DBPLB[JCHWDk@MBEHOBaGEPcKQFQEW@YEBMVDPG\\CjDvAFINGT@BM_BCGPOCKWEKECWGcAWCGIsCIHQBcFcAID]A[D]BWLUAEEUBsH"]],"encodeOffsets":[[[19575,61174]],[[19620,61209]],[[19571,61291]],[[19575,61241]],[[19605,61214]],[[19037,61766]],[[18836,61921]],[[18852,61975]],[[18901,61669]],[[19153,61706]],[[18990,61721]],[[18975,61722]],[[19125,61713]],[[19081,61721]],[[19081,61741]],[[18967,61636]],[[19235,61592]],[[19081,61618]],[[19170,61602]],[[19530,61209]],[[19468,61216]],[[19351,61240]],[[19081,61638]],[[19081,61681]],[[19081,60899]],[[19171,60894]],[[19283,60909]],[[19171,60917]],[[19282,60931]],[[19261,60965]],[[19130,61020]],[[19171,61038]],[[19213,61066]],[[19530,61003]],[[19645,61106]],[[19481,61119]],[[19620,61123]],[[19264,61111]],[[19474,61066]],[[19441,61060]],[[19261,61030]],[[19470,61071]],[[19276,61087]],[[19389,61101]],[[19318,61110]],[[19234,60989]],[[19105,60991]],[[19149,60993]],[[19351,61122]],[[19260,60874]],[[19171,60855]],[[19125,60886]],[[17460,60063]],[[17879,60120]],[[17730,60137]],[[18292,60155]],[[17933,60211]],[[17865,60131]],[[17910,60170]],[[18316,60264]],[[18000,60275]],[[18000,60287]],[[18110,60210]],[[18143,60248]],[[18451,60405]],[[18069,60466]],[[18496,60446]],[[18630,60340]],[[18564,60301]],[[18387,60301]],[[18254,60301]],[[18585,60318]],[[18778,60391]],[[18459,60391]],[[18068,60481]],[[19191,60526]],[[19125,60552]],[[19058,60519]],[[18990,60512]],[[18945,60524]],[[19035,60543]],[[19126,60620]],[[19080,60576]],[[19161,60596]],[[19081,60588]],[[19396,60793]],[[19350,60771]],[[18540,60802]],[[18810,60807]],[[18835,60816]],[[18541,60754]],[[19305,60733]],[[19350,60713]],[[19305,60714]],[[19326,60751]],[[19080,60793]],[[18835,60661]],[[18885,60660]],[[19171,60677]],[[18901,60716]],[[19080,60671]],[[19184,60705]],[[18901,60742]],[[18993,60435]],[[18986,60481]],[[18492,60390]],[[18631,60447]],[[18766,60470]],[[18605,60463]],[[18855,60508]],[[18791,60827]],[[19386,60795]],[[18811,60829]],[[19260,60817]],[[19306,60830]],[[19103,60841]],[[19395,60845]],[[18814,60841]],[[19003,60841]],[[19305,60849]],[[19035,60843]],[[19126,60841]],[[19171,60846]],[[18795,60858]],[[18991,60934]],[[17152,60035]]]}}],"UTF8Encoding":true}