{"type":"FeatureCollection","features":[{"type":"Feature","properties":{"name":"Trinidad and Tobago"},"geometry":{"type":"MultiPolygon","coordinates":[["@@CbRBFSSO"],["@@`HXZdPBVlLVNV@RPRGxlPEjPXYlPGZRH^ERYEUUYRwWe]AQWeLWOSaeOmoeKILy@QYWS[D]R]_IBW_ASSK]ACRwJ[GF\\ETr@jj@VXNNTEL^Lnp"],["@@nHhZPXC\\jDfXªJ\\AbTdT`fM^PZZDxQhSpEfF¦xR^DXZ`WnPPO|ohBhEzLlLXTGH@`TZFbOdQYtSFC`KRiVad§PIP[QBQ]OG^iA]ZLPOPFNnHRZ\\LPT|BRE^NhEVL¦@VVVAbHVURJETb\\LMZP^HhnZMSjBLGrAºJr\\X@^VzC¦Z\\GLXFNK®GRR^MXBGWJM[UWEQiCe]QaeM_SQEQWCMHUIUqFkX³DTWCIMWCE_Lb·bXen@@S[B[{CGLE_QHWAoQ_OSO¯oyHiMuL[LWEcLkEYIYAMFOFISDsIeCSLYESJ{EYDMqWKJa@ehsN{@GcOcXoEkYwS]UeOkFILFV\\XL\\J"],["@@RCH[WIUNT\\"]],"encodeOffsets":[[[-63237,10939]],[[-62201,11521]],[[-63359,10335]],[[-63169,10959]]]}}],"UTF8Encoding":true}