{"type":"FeatureCollection","features":[{"type":"Feature","properties":{"name":"England"},"geometry":{"type":"MultiPolygon","coordinates":[["@@PAJECEFIKAMRAH"],["@@PMEMICAEOAUBBO_TAIGAIJLJJCRDALIHJF@HPBDDVGJE"],["@@DJL@FKJBFIHBNKCMOGGBKPBHIDKL"],["@@HHMHHJLHLMGK@IQB"],["@@DHJHJADKJCbANCWEMA]LQD"],["@@SEAH^@\\AcI@J"],["@@PAEIMAKOMDGFOFBFR@HCNBLJ"],["@@VDPLHLHBPC@EUESI[C"],["@@WGGKJOPGHI@SJK@IDKU@DIjWJBFEKEFMJIXAJYVEdJP@GMaCMCODWRSTc^UXS\\GF@LEJGXA\\HJ`JJA"],["@@CGBIME]@IFDJGHKD]BUGWDEJNDlEZ@ZHVGXBAK"],["@@CPDTELFLRD^PR@fRJECENERO`QBINMDI[GAFQNI@aIEQaEQDkF"],["@@LFDZ\\EJEXEHEP@RCBGN@NEVAHIAIMCyE_EiDMPMFUCEBOTHFH@DAPADB"],["@@IBMFLHNCP@HDTCcKI@"],["@@MOAGKGG@GNKDCNHHPJPDRACIFI"],["@@aJIJ@LEFRREJBJ\\CL@VJD^PHP@nAL`@UWc][O}_QCYSSC"],["@@ECSC]HAHZBPCPE"],["@@YHYL_FkLSNODQPOJUF[@eA]CUCUAMAUAOF\\BHBCPND^DFFHPRL@NXNZCHBf@fFVN`LdJRGLMZ@NHMRPFtLVBLHDPPJTFRPJBZ@JIPBTFN@XMJINCTSP@XGLADEbC`B^AFB`GVEJ@`IJAHMLODSG@KETGJHV@ZMGKWGCESIAG[@UA]G_MMGQQAOIO@GDMIIDGGKOE]GM@iK}OG@oCGCQAQFAFSRk\\_LKBIHeX"],["@@JGKImBENZHREJ@"],["@@CFFNHFGFDNGDFPLAJWHECGBWJOMAMEGJEL"],["@@JAdIRAZ@zYNCVAtEVA^@dIVUXK\\QPWLKIGOFUIWSMEWASDYRgFQHK@ECTEDEW@_HWDGDKCQBADUCCE[FBNHDGL]LWRI@IFENN@LBFHMNDVJLDNAF"],["@@RLILNFRA@DRB@QJKQAQFO@OG"],["@@WB@GICITXBTC@G"],["@@HGEGaB[HHW@IFCN`CRBJFNNBNLTOHFHbHFCRBPGBGEEIWUIVBLGGC@GEGZONB"],["@@FNKF@NPFZA@PELKHbA@HPP^CbI@GFGAIDOAKFOGINANF@IECgEUEwEYRMH"],["@@AJJH@JKHILFNGJQAAHPNJLCHMIIAKFDLHBX@RDFFIFMBIHHN@HGJUFJDHCLBBHGJMHENBHIF@HVFHD@HRZEHQHKPJNAHFJBRKRLNZDAXHHCNSFQ@KDGIM@@HGPO@AKSBERMIYMCHKHUBS^UHBRRNUFMBaLEJQFMNW@GDGRY@UA@FZDFHKBKFSAKNY@BIMEU@EGYGOGKDQKK@GGKBUCKJHHIP@LoGOFEHDNIPOJKRQDGNcPCFQLCLQPKNETWRNLAHNPKNBFSPIBKLIBITGHNRG^^DFFENBHUFMBEDSAGNNFCJjBPF^DVJTNCHSHAE[KEF]FKFBFRH@FVHJFDTAJGPLBVNXJKBNZELLDRAJDTDBJILHFNFXDRFXFN@DCPCTDHCTD@LTDSHSAg@cLFHEJPHAFJREPFVFFXAHFVFTLJRBJ_FGDQAIEODsKKB[EUHIAOF@FMFkNQLCHMJQ@MFCFKD_FIAKH@RQFGH]LUHiHELQLBPKDDTVLNPPH^NZCnVZHJF\\@bNZBXATBn@L@fDIJFFIHLLCHPBjGFHGJNdHJIHDRQTUBgEMGOOyOOAMKVGDEGGYCYGgCIBCLLF^DJFKVU^QNCZJAVDJAZPRHPB@HGLTLHRPFFHP@EHKFWHZJJAJFN@@FJLCJJHBLCHFH@PIHXDHNRNBHELJJhAHDXBPFDGEMZAHD@TI@BLKHUCO@MDHF@JMB_PHLBHOLKGWHEDQESNKEGFOGKPMDGNLHAJIBMIOBGKkB_HWDEJ@JMJFHCNTVHFEJLJWJRNLDLHPDLJqXLLVDSFBHNDRAZ@ALPfZZRCHEPAZBZFVARFDJVRLHFPNBlDDLLHLIIGVIDGXIlO@FNDXCLFJLVBHIzEJBPEHS\\QDGVI@KJCNULBBHpvBFJAHBNCZHFEF@LOJHJADJJADSBKD]AEJKHYASDOKYDUFKAOJKRFFMNM@OFCF@JJJ@JUFCLLDDNIHDHKNMAIJLP_LCHOAFRLCJNK@BJPFFRUCIIMCOBOFCFoHCHcL_fIEEHIBFJPANBHFRD`JFCbLLLBLCLMJKFQNIPcNs^`SFDI@QDQHSPJBNHENTBOL[DIFDLQLGPHFONBFONMHUR]Le`IBYVAXXJRNZdHdJH@x\\fL\\DLCN]NOLKJUFIF[JQZWJ@VQTUJSTSh]RERAXOXAPGNAXDNAfDpThDZ@JCRF^PU\\HPAHNHVDlAXHTPFBjE@DSHaD_MM@MEGGYD[COGOSAMKGQCSL]JK@YKeBeJQHoTYRwZcL_PQP_pEZARGRSXM@[VHFEL_dMZCXDHIJQFIHeXEJBVL\\V^vtFJdhJDXTxbZXXLJNRPTHJJ@NFLXBLETDAJZBLJEFiAIFaJGE]Ee@aHSAYDgRIBOLAHMHAXCLAVDNBtARDbHVFXB\\AZE`BLLJZFN@VFREEQ@cBG\\UVIPCHGCEKADONENBJCVON@LJYACHSHSBBJLHCJ]RIHDNO@JPYXBZT@^HlN\\FtBDITARBZJXPdVRKFNGJU@CAeFIRPFARHFVAPLXALFCNFJB`EHUR@HIBGITKGEEWFGGISMQTGAAIKC@KFEGKOVSJEJCNEFMFYNXDADPHBRPBLXJJPFDHRBNHZ@PDNJ^HDFAJJHDLHDZ^FNQCKNBFSAKXHDAHWBKNFLCHIJWHYFADHRPBdNFFPAJLRHFJND\\N@HMFCPMJUAHENDFEGIAQSK]CMIKSYAmEwM[[CIQQK@HQW@EDUMOC]AOD@FSBGJJFCHLJ@N[FCCw^RDHFRDGPURBJMJQESJ@WdG@GKGBEKKO@CKDEMMEIHKCUWGUSGUYQOUYICGOG@CsYQKS@WLDJQTkMMII@IJOLKZBXAHJZ@LFHCFYBKJ@HJFXB\\AHDNLHbLJCLJNBLRTGBEPILMJDFKNUHGGNCBECUIMQECEOFIIEUNEHINKIAGIMI]CMFIHKASKUCWDID]\\[^}vSLUVAHebDFELLHDLCZKXAJHTRF@MTCNFSDAVQLOFYIVCFIOGODg`]^EP[ZcXKNeZWTYTSHIPQLGNYVYPUAEDMVKDKP@J\\HXHRPFVFLPFBPNJFPEVBPHDDJJHDLHHGN@NKTBVPPFBFPTNPNNFZPT\\HV@LR@RTxVPJj`FNDZ@JMZDNLNTbTX\\XNNNXRlPVOvGPCNK^AILARXCR@TNLNCJZAOJYEMKMCSBGDUDINFPFHZPVJZDNFPBdNbFnEVQjIJKbITBZATBNHpJPHFHfBKPaAMBOGKBEFFJTHVPPVXKDPIFKBCJZLGXRPCFXHEJPPSFOPSDFHNDn@jEEFJPBXJMFBJNFR@`LV@HDHNLBFH@JN@JJBLRDT@VTBJPALLKJNLN@LCbFXFFHXHTJLBhRBDjLP@JFPVNJBHHHCFbhNAX@\\JAJJ^TFoVFF^BCL^VJHVHRJ`L@HPDBFPLCLRCNHZFLANFHJZPJRPL`FLCL@bLLBTGHDVB\\KDILA^DHJbLFF^FBFMJRFNJGDARSNVFANnC@FbJDLTD\\NRADJdAZCrPXNLbVJVDOHmFG@KNHLSXONKBEFDRFHGLIBAVDHQP@FMDKHMFUNIHSFMRHJBTKHCHUFSRND@LeAOJPHFNT@HF\\BPE\\AbDPCLGXDDHODQJ^LHJXDBFARTHFLPFNPVNZDIJIPPHd@HJCRVJZEP@AHHLRB@HCHDH^DvEVCbDJJDLbDLOLEV@HK`UBERGFI\\MPKfOFGLGRCJE\\IHSNCAINUNKHKVIJI@ETIZCLEPB^ZNELKPKJMAGKGMETSHALHBFRFNJ^AXIpKLKNEVMHI^IJ@LIICBG`]@IMECONSZQNCOKJGCSJIRATICIDK@IHWIINM@GMMPKTEGKCQHMCEOAKI@EaYIBGHGAPQNFJaHQPSTOWCTEXDPIHIVKASOIIMIKEO@UL[V_RMTITOEKDOb]PCEGHKSEGGBMMIGK@GHQ\\]OBGNqMAE`FR@hOHGC[FMNQXSN@BKJ@DINIH@EOLUNMVGAKX]JCCGYAEGSEK[OGaB@EXCXDTVBNZFPGHBNQNGXERI@GLGZGJKHQGGBEMKIOBQFOV[QQDSLOCIRWACFMNO^WCELOEGJMJCAGBOFCCOHGCKT]PKXOLINEDGNIPOx[fMxOFEMGGJOFECNIOEAUFKJGJQVOVMGEBIKKcCQMAEz@JC^JAFT@PDGJBNjWrOTC\\BhIXQnS`GOJAZDNFbEPCBEjU\\@ZCVD^@`IJG`EhALBTCAETICELCVEHKECJKT@TFJ@NFNE^UR@VOEKPKVEbCZE`EnCLIVCNET[`KNMZI@ISICQFKPMlQTB\\QNENORWJGHQAGNELKFMCGTALOGKHICEJUNCCIHMLGJARBBISCEGBGROLGNABELIAKLG\\GRDJGXEXI@ChGlMKAIICWBKTWRM\\KdONEIlGPIZE\\K^GVAXEFCZIBILACIaISESAuBIAgGKEUQIKG@OGQSKcCWASFgPeZmTgVcTWLW@GTY\\[DGTS`[TOvoNM^WFGd]\\Ud_j_d[JMPK`YvgrmT]DMT_J]@OEESOGCm]ADPHXR\\NLT@JONIDQNE@YN{VaFJ[I_C§UECyDiH}`]Tod[R]NKLOH]JOXANKDENMEMF]JoDCCWBsIEAQsIGB]EwIFcn@jDRDlFN^B`DTAZMZ]X]VQJCXW^WJ@JEAEcVGTMJCxcXIdIDEPNVAdUTGPOvgTMPQNKRGRC\\P^G@GRCLJFASOFOVKHBPGJARFCHONTALEVEAEKGFK\\CHLLFRQKCJKNEHAZ[EGFQNANEWAPQT@JG@IGGNOLHHCLKCMLWEGXYLGTUJOZ_`wjkTWN[TaHQAEBQP[FQHK@OKB]AIM]BaIMEM[DSCSADG_OCC]OEG[OKCIIOEOAEEWIaIEEQC]MCGiQEIKASMGGGAKQGAYUKDQQBGMUQSHIAGOI[MGG]UH@LKRHNCO@KVArNhKDEbEXIFEFUJIRKNWLIMG^_DF\\P^C^KfBPDLA@ZEPKPYNMJ@YdAJVJF@t^PLRDJL^NTDFF@NCFDNRXPPR\\PpJJLXNJ`PZRdL^BVCNETFDF~G|FdFRCDGSBICWDWAAIPCPB@TJNBlCPDHKHCP@FFRBLPTDTEXA\\GDCRLBFdAZIA[DAhAJBhA|@hDPBJCJDnA\\EXAPDFPL@RHqFKH_BOAMEIDFJ\\@pGQ¬UK ElArEjAdE\\EZCdITGjIfU¤crWfYjW~]hQt[eJCVOqj[{RoZeFKLOFSNYDMLYKoC]B_KCBeFWJSFEJSFOJSJaIKUUU_I]AUDMAYIU[cOWU]IQCQQacQYQMQKQEQEcBQCSCMGu@cU]ISGUWEWIaGI[MSUBFpJdPJF@XX@^RCD]QS@KGFKU@MCMOGCSBIMOCgUOKBCOUOIKOIUUQ_O]K@NON]JMHBLEPGH[HADPJ@NOPAXYJCHONGJOKWABCXBPANOICNINECIFENKLCOSDK^IHKCGFKRGHARGLOF@CSQKUSiIIEQQOMGIKADLGFGNFB^C\\NDKHDHYL[BSFaN_@OLSFS@KHQLGLIAEGHKbWLCLBPCTQb@jKfEHGASLUFEEGMCYJUDIEeGECMFKAUDOAGDINGBWDgIWIEGQDUCSBMFMBeKWB@ELGb@DCTB^GLBRENDVARDHFjDBCTGNA`B\\@JCVBFFTJ^ANCBGJCbTDKCIOGMIKMQMU@LGAOMM[LO@QM\\GGEQAKEKBMEFKKAKOTDJGJAVFN@HMGGJAFHPELFVDPGEGHAJLGTBJMV^ONCJIAQokE@icKG_OEEaKwQkQeOeIyAKB[EYAQBMJGRFHOPQF@JVERFJCJHTJUBOCKEUCIDOAMF_XMPFNFHIBOLBOEG@MNQMBUJARSAAQ\\EVK\\MWBOH{COGKGGBIGDEPHJFRHlDLAPGZ@REJGIGWKaIQC_KUAaAaDGJJPPJPABJIHMB[YGQE@QHAFK@AEQBIFKAfMN@LGNQGEI@UHUBCLSCU@HGTKDGPHVGVAiWQIWEc@S@mLEOODQFMA]OSAKCYLMBIMYE@GLCLIP@ZGJ@XEP@TCQIGEFIYCVGNJ@LZJfJDNFDV@\\FHATIjD^JNHNLPJBJZHdFPCVILIJK@QKQG[BINMBIKSAWEOGGDSEMcO[E[BU@sC]DKAUBcFOAMBUPeR]@KCUDGAQBKCEGM@KDGC[AIFQCBJMDAKUCDGPFZChBnATD`IbDVHVGTQZCZ@RENEfCXCPCDWGCO@sD]CUOKCGDS@UISDBINA`LPCXFBMNEN[RAAETBZGCIWIOCWI_Q]QS@SHaFkBODeBwHMDaBKBeA_GqFmFQFWFCC@SKCGEODG@MGHGAIJGfGSGQ@EBcIFehAjDZGDD^AJGLBDFrIFG^F`BJCVBFEL@BIPHPBbGTMPIFK@QKMWG]AY@ENYPQAOCQ@QCCGOC@IQOHAHHHAAI[I]CKDUA[KQFMAQDMCOWCQTTHPHDTEJMRE`O`@@EfON@FN\\FCIQECIJAJNPHDJCHPFTMHIAELGPGFHJ@DT\\JHIMGBIhHBLSJGBMVHHETJ@TEJDDSFCJORGRCPKTEDKGG@IHGBGdCpATCRE\\A\\@TD^CNIVGHGPDpDPDrCRBjBfFb\\PDx@RH`AX@HHh@NBn@dB`FPBRBbBGxFRHR@ZEJD\\BFFLATD\\APDLADHJDARB\\KRSAMEG@MCCCOQYOII@QQCFUAUBWF[Q@ERGHcJ[ZoTiFQAgBU@QBIC]ISKMQIAEKKWIeEKE@GKBOGCDSCGGBIcECCYC@C[GE[EWMAGQEEKU@SEi@mCiEgEsMkQCCiWUKQKYYOWW@SDML[VcEOMC[AoDJ«RWBLM@]CQVSDCDYL@E\\MRAZY[ESEiQiWOEGKEEGUIiEOCGEeCcKW@mGm@]CqO]E¿KwMyQ]OacCK_I]OYWWMOMOSgEIBqF[NSHOB}TWG_FMFYNkT_JK@QE]B]HkHV_DVAC]FyLE@]FHW@[DcBYDBIBMuKkImEyAsEYAuBq@@AC_AUAWGqGW@WEoCICoGcCoIUEWMKBMFBJMBOGSEBGTCPQEQY[SMSDONwbQJuVVULVDHPNBFTZNX@LGL@VGTLRABLTHANLLELIEBIGGBIUGYM[DIJMBAJNLJ@HHMDBPMBGCJSQSBEIEOFKH@JEFCLHDAH]@GFGGNYDMG_SJKJSHIL@NV\\MB[@ME[FOEOC_LQBMAKW@ISFGJ[ASDaDQOODUNHPWBEGHMSA]HM@ODQHCG[CVENDLEHSF@HQfUAMPGGOH@cWMEYPSHcFQDMJYXKHYHSHOAeTRWJALEFUFYNIH[Pc^UFQIE@GQGCdWRGBC`KEKNAHHTGFGEGJOHAPMXICE[OUUGMYCUDw@OAMBDLGROFCHODCERMNAFMEGBG\\KYQQEeCOCU@mIGAaE_@]LBOJEAGOEFIYQQ@EKSAWIaJN_HJi@[CUGGGc@QGFK^B@GGCeHHy@mC_CgGYGYKQK]UMEIDJHL@PHBFEHKBKLGLIEULKIIBYBEBFLEH@TMFOAIEDKNG@INBHMIC_BkLIDJPPFgBGIPEEGcCMMJGOA@IKK@INCRBPXXFDHRBN@FGO@BIJEAQ[ML@ND^BJE@IRBEIRAVNEMHMX@AJ`LHHLGFIKKGMAKFIRIbBQUWCKIMODOPAKQ@IKEQ@mA_BiC[S_EKHCN@LSAGFKA_HMAODYJIHCHKCWBOHWAYDIJQDoEOGaB_DOFoBiFWAMDGHMDQA_@]H_B]EWFOESKUUAKDC@OQGOIKOWJ[LCFHJWFDHQHEH]@iTKHELQ@YJKFSH@JSAaPEÊv_JAPO`Gd@ZaCQYMMKAEIKGCSKEB@LHJFvHPEFwheXdreTeP{Z£h^IFXYFc@eJMBU@YFNcBaIEGQKKAOGWAKGUGU@IAQGaCI@Hi@ICEGIA@IGKoDe@YCQBMAe@QAIC[AeC]GQAYGCIOGOO@IIO]WM@YASEmQGEDIUBaEEDiFMHUFJFJ@BPKLCHSNGVOZGFENIGKDKJB[DOPGLQAKLa@QBEBSTFFGUMCG[OQMCMBIEGMCWUMMIHO@MAUD]Ck@IEUACCO@@GXFdBPDPC|BNDRGM_GK@IGK@WCYJEVECEVGHKIIYBKIQ@MLSDSM@EKAIOEULCKI@KFCDKCIPCJG^FTCPKZJXACM]I@ILESCQO@MGGAGLC@GKKSCGKQCSLQBCFQDFRMPBHCP[NRHFLUFmCEHmHKG[C@AnHJAJILA\\GLHLAEKFGVIFGEIIKP@HGASVODIMGCGSCEBQGACaA@CUQKEUWKSGUQ}DWLK@GIEQD_DQG@C]IAGWCKGONIDEJK@GFM@_FGFOCBMK@@KWFCFSAYFILULUDKHIAURX@CXFNGFKBWNBLENKEO@OPgPUC]PAN]KSFg@SISBKGaMUB]N_HHJN@MLUDc@ICODOJAND@@PM@ANLLGLJFRDHRHDJRVHDF[EKIEIGUOAKFOBEEQB_CIJYCKFBPCNKRUJCHNZLXPA@LTLLLHDDPLFCFUIMSQOMFBHMFEPDDMJUTOAEGT@LOBSVSKMQBFK@ULKGEEK[E@CUAUOOCWHGCAOG@QNQJCCNGZS\\FVANDTNAFLFhDPIJQJGMGM@UCE@SEHER@@ER@DDTEBIMEFCNBAHVFLHLECCNI@IICgIUMDGRGDMk@UGKJNH@FQP_RkPGDYJsJWAWDMEaDWCkJICcBOCcA[OEOiMAKWFK@KDCIcE]IMAYBSFOBSHQASISDKAMG[BIDPLARDFIJCNDP@JGHSPSHDIPEPIAQF]NGEQeUSEIBAMGCGHQDFF@`OH@HODIAGMKIESAUQDQHINCCKM@QIUWJIMKFKEK\\EFKYGOMPGCEWCIKDIIESNAFMFUAOBEJOCa@MEEMMCYSG@IG@GMA@GUICNQFaAQEGKMGBKK@A]DMWMDKSCeUKDDHGHTJPDHVSICIIDUGIHJJHZ@LMFCNEREFTLBVNDFJCNHLCFMFVH@NHPEBISFGSEKIMLKGTGPBLCKOHMOAGEDUCCK@IIeI_RkBBCbANMPGDELEDQCEVCAOMK_AEHYBKFECTIFDNG@CRKZBPGBMSL]IQGHKMCEEUEHCCSNIMMSEGDMDQCGE]DQE_ACGJC^HLBPENFL@VEHBFILGR@XGGK@KFCRADGPSQMDEGCAMgGOGFSMYWACF]DMA_AGBUGKKDKQMCEGCEKHOAEICMFKKYBAPEH_HWD@NQHHHGLGAOFANTN@VMLAHGLWHLJELILi^]PE@UP[DYGKDCFKBEFSHQDICKDOBMIQ@@L_PGCKF@HMHKDQ@SHWBuCIAIKFEOEWOFGNIDIHGII@IGOKGCIGCMFEIWKS@IAU@KEYFKCKMYBMA@EYCQAOCSVBFKDGJM@GJIF@LHDDNTBHDJN@HMNAZGBBLIJFLCLTFDJCFFJVLDHNFBHZEHFLBh@RTNJN@PRRCJLHALNFCNBJJJAPRN@HFNCbDdHVIL@FIPG@K`G\\CRMIEKKJCNHCHNFDDSFFLhVXTLNDPINZBJHLOV@JHXEJB`LJHJBHNVNJCTLPNdF@FTDJFHRPX@XABbFf@JJFBDJTFALXBBDZHHVJdQHJDIPRDHJIF@LVD^CRHOBRHRANLRD@EHETDRPRADNLJBHJFHTEJBRRHMJHFFXEJQHXXLNELFPHFEROBENRDLAFIHAVDDKL@HFRALFLXNBRJ@HHDP@IYRCNOEGFIAILMJJ\\@JERCXHn@^EGLMDAQEMHODGNQDEPFPIFPRPFUPQHZHLEN@BGZBXCDFPBJPTCLHNBHGLDJAh@HDXBPJPNFLPNCLLNANLDHROD@JRVPDFFLBLINL@JLFLCVFPRXBBHNNZDVPBNHH@JCPVCNFIHNLPANH@FHHTH\\DRLNBDHJBLHHNBTALDZCPFJAZBNEvELKHHFDHGFBLATFNTLBFLF@JGJNLBJCFVZC^HDBHEPFHEJFDGHNFANLFVBXEJD\\BbAZKP@RCRBPE^MROhMj@ZAVFZB`JZTLNLD`dRL`DNPLZHFZCIKLGXJLE@SIKMIAEDMLTNFRVCHHXADTNJDNCHFAH`@TCXHAPN@LI\\ERGNDULQDWNY@OAAIGEYCMD]CBEeGOSKFMDSFMVA`Bb]DKFJPAFkPFLTCZBZAPRDNFXEBCR_LhFTTPCTBLCLBJHR@DDTAFFlHRA^DTHVBNC^CLIXAJHDHfFHALFTCdFbATDNHHHtBTADCTEPBHHNCDHT@PH`@LEfANBVPDFRHTMLCV@\\CdAZEdANChC~GT@NKN@VFL@\\JRLHBXAND\\ARA`I`ELBXITIDITCND\\ELGHMlWXC`BRDVAdEVDbA@CZ@VDV@TChPNAZHjF^PTBVETFN@PL~DXG\\DrMdD\\L\\PTDFEN@LJN`ERUPQZV@\\CF_BGF\\APARABCRCJPJ`@JWLBFLDjHJX@NSH@HNDVBLFXDLGZDLAFH\\PRRJTPHGFZJHNRNHJhTLDPPbTbDRJDF\\BLEfDZNLCJDIHJNPFTTjjHNBVHVNBHJ\\VRVFJ\\HXLVNVVJRJXXXLHhPe`QBEEK@MKeK[MMIUMFM[YGKICGMAGHKAGIGQD"]],"encodeOffsets":[[[-6502,51096]],[[-6434,51129]],[[-6502,51163]],[[-6513,51145]],[[-6455,51166]],[[697,54260]],[[1283,53129]],[[1538,53316]],[[-3329,55452]],[[-1822,57017]],[[-2135,57102]],[[551,52769]],[[757,52874]],[[858,52824]],[[878,52795]],[[804,52964]],[[-1418,51841]],[[-2007,51912]],[[-4790,52398]],[[762,52683]],[[679,52630]],[[705,52653]],[[-962,52004]],[[-1135,52010]],[[-2725,52850]]]}},{"type":"Feature","properties":{"name":"Northern Ireland"},"geometry":{"type":"MultiPolygon","coordinates":[["@@JEJABKSA[RLDN@"],["@@QEGHQCYF^XNAZJN@NFLE^GR@TBTEZAPCDGKEGQBGGC@OECDGUKKJEVJLPHGLODwFsG"],["@@FFTDbBhA\\@DN^BHDELVFlAnDH^EFZ^FBX\\PV^EZ@LHHEVIJIVBJEtFLDXETDfCPDRGLJ^FLLQHADNHRNbLJFEJLJNAhLJA@NFFRH\\BhLRBVFHJAHWBFPAJMAIEQAcOWAEL[EYXc@MNQDMMICUBWG@LKDFLEN]DKFSBK@MJGBMNEN`VCHOCEHSFDNPCTDLCJFVArrfTXANCBIRKFIXDZEFMdGHBTEXZPB`P\\@THVBBDbRRF^NbKDCXBJBZADJTBCQlHPI\\PEFQHBNAZHJANIFPRNHN@@LT@bTbLHPVHDLPP@JJ@BNVPFL@NQ\\BLHPHBBJGHCVNLXHXF\\ChNZVZLP^NJ\\DXJHLELDFhFNJCPHJJFh`L@hHFPNL`GvHpAXEBUbIjBzFpDNFHJpZPLHJSRBPDLRLP@RCLFGNJFDJV^BHRZFTD^GbN@ZMpSTGI|EDP@^@bB`AHBNLJ@LLANJfFbHXCLLMJHHTSfJdExHZLjFPANFRJGHBJ\\D@FXD@H^HL@FHP@\\OLKf@RCLDNE@CNCXBXLHHL@LFPGN@VEVBJGTEJElAJI^EXO\\CTMR@^FTHL@jFXRTH`@LELKJCNMRBNCPGNAZKRA@KLELKDKNIZELS@gQKMC@KLEDQCUIMMIAEMGFUCMEEHIVKfHXAPFR@^AZILOS]@OEEGQDGSMCOGEBGRM\\DPEHONALDVC`OPQTQNQNYBGPUJEbKXDHG@ODKNKTAXQJQPIDIAG]@@WRSLCfKL@TD^EPIOEDELKDKLARaFNEFJFIP@HOLBJEFcP@JOHUDOPQFGLRFAJFFTMRDFJZG`OHBVQZ_FIPQDQEeAGBMJIGASMOQ@GaQO@YUQCCCg@YCaM@CsGUI@COIGA[MGEmUGGEOBG[YAGTAHMK@BKNBFD`PDCOOQIAEYQJCFJTAMKL@JD@NDPZTdCRLbJNNZJXJJ@hJPFTD`LNI^IPB\\@PCVDNKbPHITBLDATHDP@JGVAPFZGLFNCLSdSXA@MHGRCAMCICQLQBINW`OBOLGR@XYAKOUFKDODERIASFCJ_NI`IN@BGIEGOJCBOGIAKSGCMEGK@YGIIAGPE@IPGBKCKBKNECKGIK@SBICKMDGIIJEPCCIO@EIGEDEGE@UKAKLEN[AEJALFLIHOBBJQVKDKNSDIFBHKDDNCBNV@FPH@JPAPLHG@GPBSRN@LDEFLXCJMFAJFDEN@RJLAJQB@PIFCJFNIDCRIJU@ECMBKPK@APSBGLIF_DSDAFKBSFCFSFEHQJMAMSEAGODQ@QUCQMT@JE`GCEVONDLGXDSOWC@KEITOH@NLJCHKTAEGOFGGREKGJICKRCIKAGFGNB@KKGNCJIYG@QGCDKI@AGRC@OKKEMOEHEMCIDIIMAMEHKHBNCFGJJN@FEL@@JL@RFbNTELDDHRDHCZ@@KIILAJMJHIHFJL@FKJIEKBIHGAIHCHMEKHEEIDKdIEEWFGIOAOY@GKMKEKMUEEKMIOHBOMOOEGRIBWNOIJEHSCGI@IQSKI@GRQNGN_FeCMBIFiAaK_COB{GQD@FOP\\FFHEFCPHNAJUKAOKEIKAGQECEO@@OJBFHRBJHRIBEIKkQYK[OOKGIBKPINMJY@UMcSWCKHEBKMG@KIMKIGAOIGAuYICOK@IICAGWAICO@UGQIMK@EuQ]KOAIF[BILcJNPVANBBFONWLECU@UHWAGEWHMAUFOJOBCNIJARYJQAEDM@WBWCICOD[NOLQBKHOZKLCJQTGCfsNMJEEE[E@GGMKIcFDXKLKDOESFIEFSFGEEDGDUCMGES@MCEKICeFOAqIKHCNKJGCcLEIBIQEOIMBKE@GMAYNEBcSQAWDSJMBSIFKWACKQFCGK@OJI@QTKRM@OHBFGJTD@XEHFJPELF@JSRKPAJXF@HVFCNFLND@LI\\BJMHCHIBSJKPQA]FGJGAUBOIBEOI@IK@OHGIKHAHUVcASNUFEHIFDL]LIJBLORCBATDHKBEHOBOCKFOD@JKBMFHFEHPDHINBALLBFNCHKFDTKBE^MJIZQAAFMDSCEFDLKPHHKDBFUHQEKPYNSDBLQHOCEDBHIHOAGGQHDJUDI@YL[MUEUYKGAIYQAEiQGGLIAIOEWCMKMA]QUDGA]FOCNGDQB]UDOAIISMLIH@~QAKME@G`@VMHOPE@GMASKZIGMHEAIQG]GKBYLKM]ISFMAYOSCZQ@C_@IGEKBKHAFIP@EGWG@GJCBEKE@GKGDEAIKCQK@KKAQEUF@HKLXBJENLBHaHFJR@LJCHLVWHQKSBCEOIMQYGNGJOLFFGNEGIVEEMWEIHBJI@cK@LIBWPOAUMYALPNJRFCHQAKG[HaIMJVJNN@HSCO@IEUD[SYGBKGAAKMIWBIFM@MHUAEHQ@]KAIOFUBENMBDNY@KAeHCHYJAPBJIJ_LUTODGGOCEL@JOJCRKCMFQGY@QBY@GJK@OCU@QBIAaAQKTePLLGLBZETBPWLAZFTNBDHYBMCMP[BGISBELOBGAaB]PCRQVUJGPYFCHHJOJYGQFGEQLO@CFM@AHMHAHghIFQN¿@FTBPNQHcLAHM@"],["@@STJHKHLHBJILAJPPNHBFMBOJNLFNJL`NRTHDNJPDFHZAVInVTQZNHRLFV@VCIQGGBEQ@MMk]KS]ISOJUIEQEiGKIGMKOSESQWM"]],"encodeOffsets":[[[-5664,55993]],[[-6402,56620]],[[-8373,55772]],[[-7574,56265]]]}},{"type":"Feature","properties":{"name":"Scotland"},"geometry":{"type":"MultiPolygon","coordinates":[["@@cDKCIIMBELVNAHKFDPCDFLIFBLGFCLNLBJXJX@FN`BREN@NHXK\\A@INATBVLBLRDdJBFV@XFZONDRATPXHBNJBDITO`EDWUGMDQAMDQIOHOBmGSO@GbGEKOEBKKEOAYDmBaEKC@GIGYKBQJKGMBMcIWBUDU\\"],["@@OPLLTFP@Q[ME"],["@@U@VNTHPEKIWE"],["@@QC@HNJ\\HNEGIUAGC"],["@@JDJE^HNHLADG[KGKWKBEqgGHQBCHmAJTRB@NPACLJFTFTCNH"],["@@IGeFIHfPHNKHAHLHPBLJxHEQ@GOQQMOQMC"],["@@KFRRLFHA@OKKM@"],["@@SN@NANFDQJQBCH^^PH\\FLG^B\\RASOUBGaECKRCCGFKYIAISKEB"],["@@VNRFDCKIAGUIOI[W]QKEKKAE[UQEgOMKSKgMaOQDjXDJCHFPRLXJXDRHJJN@BHTJPJ^ZLFHJ`HPALD"],["@@WDDJNDT@JCCISC"],["@@SBIEOFILK@SFQEIHBHqAATDHGH\\C`BRMHHLANDXDNEJ@@LT@TETKL@HIRCPHNALIR@FMP@BIWCGIIAqFMA@I_DIRWG"],["@@FCGEiEMFFJRDLCV@"],["@@SFCTTFJE^_CMO@OT"],["@@GA[RAFNJlRDACMEACWIG"],["@@SAKEGKM@EPN^NFDNHFDNPJLDNAFDPACgLOOWYO@PM@"],["@@ARIP@JST[NU\\GNSPAJHZJFJPD\\R\\DJNLfN^FLTRNTDXETDULNLPDrBXItMdMXQZK`QHONKEIVSHMBQJ]JM@MGKWICEMCASHGjA\\EVE@EPM^QUEEEOGWAUOEEHMfK`MXAEOOCEECSHMHAFOLOKUSEIKMESCSFYBUCYAGE[Gk@JO@WPqL]PQFMJS^@RDFQN[HMBFL@TELFPPPBF"],["@@@F`FLEEKBGPIO@QHUBEHFF"],["@@HIAESEYK@TMFDPHVJBXAJIAS"],["@@_A_DGNEBJPTBHHHPVHpHPFLMJ@GKBGNMDKSGEFcSY@"],["@@FAVFTCJ@DGYEQAGGAMcOGBLTOPYBHJV@dD"],["@@IHqSKHPBDJZHKR@NPDFHGDJRPLHBVR\\FFDGHPD\\AFERBHFIRJHbHPNNDNKAIN@UW@EKEAKMGGIGUGEUEMKDEMAIENENMIEHISKUIWIGLDDGJ]OMDK@CFRH"],["@@PPALFHNHJRMPHDV@XBTFRLDJTDPHNDZNHHdPFLPJJChBRNf@RHXBJGCIDQQkEEAMHIRCHUNSAKFCL[GIDMCSBKLG@KLG@MNIHMbIRKJIJAC]GKFMPKVEDGOQGOLMAKPBPUOOYGGGQAEERCOIaJMKLEDGEOUGQ@DNWIMCOIKBMAQKSEED[FWKQADHULUASCIGLKQWIGOEDIOKS@MCQSWBWAKBKDS@CL_@MBHLDPGDLLETFJNHADVNFPJFVDp@FHLFAROdORa^QJQHW@GESBGHJJGNNFBR`HDFV@VPNBtNDLNDALYL]EYHQCSD_DgEIGAIGM[cAKMEBEOQQKOOQIEIgW_IQEOKOAGKWGYJGAQPCNK@EJPBHLXHDLLDCHQBEFPRFNJDXTRFDFBRRPFPGPqDCJJNNDLJXFCZHTCFHLEVPFJ@`NJIVGBH`DNFFLVFJLVB@DTFDFTHHFTAFGGQOIEICOBKKWEMRUV@HJIL"],["@@BZLDNSDKJIKMICKJGT"],["@@RBTNJKN@CIUMKCCGPIGG@OKKHATHDEWGOORKIMMAWKEKMA@NK@BJHTOFGFFLJDLRNFPTCFHHLCDTMDDF"],["@@`GTKN@LO[OGIRCVBVCAaFEPCJJRDTBHE@]FCEOFKAERS@QFKRQ@OGEeEMGCGjQJIHUGEU@SKUFAF]LJFOHDHKFCNDLIDOBEJQ@SNDHQDYMKAANGDGVJHBJERQCMDAHDPDZFLRFEHOHODOK_JMROHSJUZOD@TELMBHJLBDHZHDHLFDJXAPEPBNMLCPMz]"],["@@MFKJN\\LFNAVK[]GE"],["@@THAFHT\\TrTPBXNBJ\\LVFNJXJVDFFTDJHTABNNLXDAJTJJIL@LPNBDHXBJLPBGJJH`HPLbBNILO@MFIIALSGMI@AIUMGMWSiiSW@IUUEKOOOIQBKWKCGMCOEAOYMEO@CSIQMMHEU]ggBMCOFCQKBPMDQEEQJIEMaFOA[GSeBCKYVQCEUMFCQQBGMQaBIDMAaHOAWCMDMJYBSFabAJINBLINHRBPIDKLJNAZJHFNN@HFDJLLFNNHNPJDFJTBJJZ@ZLJCXBLC`FJHXCXBDFVBJEPHJAPLJA^PJ@PHTBHJGNUUOEQASHEGMDEEQBMICMQBEC]BEFQFMEGH_DIHKCMDLLELFJLHHLVLFJ"],["@@@JNTVLLKCS\\MDKKSEEAKCCAUIKNKAKIIQDMP@TQHDJQDJNALLNJPGH"],["@@[GKBOLOADJXB^AZAKK"],["@@DIIMMD_AET\\BJFTE"],["@@@JLDVAPDJLVCIGHKSQPIIGUCEE]@AFUDDLPHCL"],["@@O@eN@LFNn@HEPA@UMMGD"],["@@CLDJFZAJE\\IXQXSPQPJH\\EZRVHJE@EVDPFZ@XH\\GBIREBIVB`GPBVGLMKAQHMDQGODCGVC^A`ICGpMHGUEYFGELCFGRHRBNCFFPADCGGM@@ISAYIQCQBBHOBNQHAVDfKJHJBNEEIHI@ITGNFN@LOUGFQGI[CSDIOMCCGOEIILCHOWIGI@SQKWBOEWLJF@JSFGKUBUEM@ILG@YFDMJMtCDH^DAGVURCbDHITIGEAONIBELEDWJSYIBIUEa@]LMAIGK@EJKHIAmOPGHOTCFDXCZD\\FlARCJGR@@GIEPCPALCLIVAAGWI@GOAJOMAWHW@IF_LSBcEWEu@MAYDU@ILWH@NMPKFBJCLOPHN@NWbGZDHCTBROPBLKPOF\\LJR@NDH@RHNEJDF`LRPCF"],["@@\\ZdJPCCONCGEaS_DOJ"],["@@SD@TGRIFKBCPPDBHUDHHAHNHZAVBLJFVHDjBAQRBBIdAT@HJTBFKT@LCFGKCFIPBXCJJCJT@JECKJGJDCHLBnSMKKFM@QHIEDK\\AAMUBaDAIYNMEBGPCJKTGLFnJJCXOKKNIAM[E[FMGAK{PJU[H[L@GUDKEDIWDEJ_HIJULOAKDeD"],["@@KFRLEHDFZLRBRETVYFFFVANLMFNROJUBADVDXANBXANB`LRNLZIHFDIJANFBXCEMRE\\@DMKGDKO@aKFI^GHCP@HEXCROGKTCVECKDE[ASDMADKOBQIAGKEFG[BCEREHEIIQDOCEIMFSCWBCLFDYBOFGKJCEEMAWDSCFGKCLErATCL@@IcBMHgM@K\\@ZBLACGQCOGWDCIKDSCGDCJMNbAFLGDgBGDWBDFPADHPFOH@HVAPGX@BHeH"],["@@UFOAODAF\\HPARGEK"],["@@OAEHMBIDZJHAJKBG"],["@@GCWBILRHBFLJNATOOCGK"],["@@]LATJFGLGBHVNCRH^@TCEYME@MIEBMKGK@"],["@@@MEKIEM@MXO@BJ\\DVPDHdCNBBPXDBLJNRJTBNJEJJNX@LPT@FJNAJDHPXDLAFJZPBF`FXHDFRDJDLC\\J`GDKGGDGIMQQCKaYQYGIWI_VFYCIO@@IM@KGGIMGQBCOU@GJOKWASIQDBLUDCK@IMKKHEJQDY@WI"],["@@YJFVCFLJvHDJJ@HNNHTDCH[A_EI@A^EBI^\\KRDPH\\AJEPDLHAJXCLELDHIVEDGPCVMRIFFmTGPST@LDF@PXDXGAHLPRDXCVA@H`HLHRCNBFJVG@MPEP@bGf@LIDKWOTKTEDHVIJ@\\WFMLKVITALQEA@IZMFI@MROAQLOPIFFVF`O\\HrBNAXDXCZMDGXC@RFBPE^DJADILGNCLGPUbGVGTBTFVOEGXKHFRMTGKOtEALP@LQCO@SCIeFHJaLGEPAFIAOPFDMNBLEEMMOGUYKaHWAKBIJBXLDDJIFO@IIIHWKPALMEI[CMBIQ@GSM_ICIRBTFVDND\\PXFTA\\DTCBGKQWQG@KISCIGUKEEOAaMOCSIOA_McC@GKCHKDMLZD@FXLLJAFRBHNMJmDIES@WKEI[OKOOIYE]AYFYDMKYOsUKCQGWAUHSNSIWA[AKDQCMGGIMC]@MFQDCGMFiD@CeEEEODIFYCESOOCGQBANSCYDOIQDWBMHFTGDKGUBGHHJKDGMECqFHNLBAH\\DPEHHWBKNGBDNEDNPAJHLTJHJTCPB^GNBhAjODWSBMDEE`AFGVBhACHBHYXLJdB\\M`@@CXEFLPFL@^IbBAFXBJHdANDXBHLJ@THvF\\JX@XVQVDDZCBJEDWCKFQAOE_SCGQ@HJKD_USAQGaCKDMCaBMCUIQEgBWNIN@RHNXJHJlPXHNNCHLJ@HPF@PNHBLZFhAZChBTDLLXPjDNRTFJHCPUR[MMAKG]AUCACaCACm@_MI@GFMDGHMCWJSDAJVGPAHLIRKDgFCLWAML[FKHM@MLeE]@EEqBMJc@AF[@"],["@@MDARZRXKMQSI"],["@@OAW@EDUCSB@JZJXBFIP@NEBE"],["@@IFMOWAYDGHgDX`XGPFNIbEL@dKACcA"],["@@UKSTM@QIWDGNRBRNJGLHRAfDPSKIKC"],["@@KDQBIJODCXELTN^LN@TEN@NJMPJLKFZNXFdQRWCM@OI[DOYAS_IBY@CAeJ"],["@@EN@J^@BGEQGEKH"],["@@KMQC_DAIPK@E]KOCWFEHODKPCJXDNHjFDLPBbAPCFK"],["@@ONVLLBPOCGOCM@"],["@@J^XBJLNCb@JGRBZGFBpUJQMSDIOACGQGWAiBKA[XQF[VIJ"],["@@E\\T@ZODGGG]AEF"],["@@V@DCISoADN\\L"],["@@BJGPKHFFcDSJWNIDYNkNMLHDTARJDJ\\N`JFNNJjNLHX@NCbRL@ZKLBJIJEPBDITGRBZGROHQYE_AGIjAbCHIIMIEAGAeSK@EWO]CEOQK[GYBIBGLKAINcDOF"],["@@MAGHDF^F\\I`AEGOAKBS@QB"],["@@cAWDeA@GK@SI]CYE[JAL^NlDJBR@LJdDREhHPE\\@DEKQIHQG"],["@@nGbKJGMGUDGABQKEKNW@EFSBKPBHIFJHTML@DL"],["@@LGEK[I]DWJIZND\\GFEPCVD"],["@@KCKBSEcEWBcHOJRPHJHDVEfHXARHRBRE@KMIKKpH@ESGQ@"],["@@fFJGMCY@cOKFGEBGTERBZFDGKEAELMSASJI@GKUDSEWHQZLHVDFJNFF"],["@@GGYCMFCLKLNJ@FNDNCGGJITG@G"],["@@PE\\AVAREPCLENCdQNBLI\\I@EQAQGZAJEIGLITAHGAISGKGJERDTCIIQGJCVBTARIYKUCOCCKMD_I]@QEGOMGFCV@pODESEMDUNKBeEGBYGODCLIB[RKLBLWNLJ[LSJEH]LBFMJDJINFNMJOD[AcFYACNNHLR@TNVTLDFRHPElP\\FXEZAHCEGHIRBHEMK"],["@@HLAFHJIT_HSLQAYEIEROJOMG@KeDSEOBEHBNPFBLPDFHCNRFXDbEJ@RPANUJUHMNWLEHUBLFNCT@lTXIFEgDVKCIHCRBXEVA^FDI[B_CFGKIHMNIPEPH^D\\@VLFKIIQEHULIbEWQGGSF_BGIOGMDOCIIQH"],["@@PACM[AALL@FF"],["@@QGHKGIWIDROBMNUHQBMH[FUIDIRBGKSA_WPEJF^BFGIEAGDMXGRDLE]KSAaGBEVGLGCMRAKIGHMCUIIIFEKIQ@OMTGAKEI@GGEQEAGRI^ENIMOEUQCSBQAGCYACHAP[@FHKDKJIBFNR@@LFFEJDHEHDJY@EHSNUBKRTLTEHGIEHGPHRDFFCLO@MJAJKFgQSCGFFHLBRNLFdGNDSPBLLPAVFfDPLEDwEqJKJpRRCZGLDETDFMFELdDLHHLAJYBOAGESAGFFPKFOTEBKPMHWZAJJ^UFMAMMSMWIcI[BUCUAULOCLGBMOAWH_A[IRIAC]EaDKDIGOBMISLYKMDILSFONMXFVCNJLWNGASJKAKO[KQ@@LGBOUFGOGWHYBELWHUBJNSNDNGRIHRVMLLN@NTL@HMJHNPAPBFJUFEFALDTKNFFCNJJMBCLHDFJLFXFJHLB@HHFGN\\F~FNFxJBFZAVFVAVBNIZM`ARCPM\\AdQnILJX@HSPCVAJICI[ALGRAFKVELIZANEFMLIMKJIWGCOJIWAYT_DKAIGPGBGSOBIIAWDOGACWEGMWBDInK~IJD\\RHJZCbDNCBGRGVAPEFSVCTJJT@NZRHAGMTAJH^ASGHMOKNE\\BIIOCQ@GCBIJEII@GNEPBXAJCNBCNJFP@JFHPPHVId@ZFLLPDJIAGH[U@iEKGM@KIMBHMNARGBGGKNEKOHARF\\BAMJABG\\CFBJRGHSCAHLN@FeN\\HRANH`H\\LT@PBJJVFL@CINIMSFKSCAQLEEGJIAIWAyHMO[AODQEMIKM@KYI"],["@@KCOIKACLQDEAULkDOCO@IHQAEIWDW@@FVX@JRFCRTHPLDKVKXARET@TDBFPJILDJP@LFJARF@HXDDGEO@OYMCOICEGXOLMBIMC"],["@@l@JEDKXCIIMNICDGWCEJIDSBCLLF"],["@@XHTDNAHOeOUFMAeBnP"],["@@MTCZDLLFT@bKIU@KIQBGEM[R@D"],["@@RAVFFKOMREWIREWIODAWME_@OTPBLHIFJLDRNNP@"],["@@FBHXPB\\QGQQCGGDCMKJEDKJGGCHKMOGAKLKCKIGJBZEPNPPJBT"],["@@]KGGI@CLOHK@IEKHPLBLPHFHGNJBT@LDTGlPPGIGeCUIGSLONC"],["@@lR^DDCbEXUBKOS@KKMMCSL]DKRmJHJGHLJ"],["@@RG^BHI@KXJMBLLTAJGCIOC@IZAKGQAIBKIIC[DPPIHcQORWPVTLELD"],["@@CIWKDCUIEGUEAIKIUCIBOEQHO@cHAL\\LRDMFPTdP^@NDRJCJRFFGjCRHTBHFVGmQGGMG"],["@@BGUBCTLBJJT@SUBC"],["@@CKOGMCAGKCKFDHIH^DBFQDQEIHJRVFpY"],["@@I@OLHHPDCHMDZHXIMOBGQI"],["@@`KRAHOCSSISCSIcDIEmHIHQ`FJVHJPVLT@JILAHGPB"],["@@MHLFFHILPH@OJMSK"],["@@DCAOOFOCGLaJ@JNDbEXK"],["@@UASDQ@@R_BXZETID@LFHVAFETBMRBJOLHBBL^@CFNHKVL@N^EFFJiPNH@HbLLJYBXNPEVLDJPDFFGPLJNDX@JGFMG[CQMKXABH\\ZDVLLPBXOLDRAlELDJGQANMZ@NACGm@YCKEJIV@JILCGQFOUA_LGCaJQG^KHKEETCAKPEACS@[D]@aKjEZDTADGAKMOKAOIGK]AMMEQOGLKRDTIZDFWYAUSMJQAYFiFCLQBSGGKSI"],["@@NHKDRFNAAIHKIAQDWC[OEBXNHHN@"],["@@^JTWYCSDIJFD"],["@@jCVGFEAKFEGINILCX@NPAFfBFMNAKMBIkS@SU@GFQ@[PAHW@CESFMLSEY@OFKIFEjIBINA@GLCoGGEOBAJYHINALMHMTULALQFHDCLRJDJTE\\@FEZGVDNLVJRAFE"],["@@ECgFECHIU@EFFHXJ@PX@HETDJISO"],["@@ODOIZEHINBPE`BDSTFHCEK^ABCMOHCAKUCBOFIICSDUCSF@MRCHKM@LI^BMOFCKMHKM@EOFEMQQHS@QGiTWGSFPJWFOC@ILMPBTC@KUEYJUCGF]A@JIHQBKNCR@NMFFHWhRLQTK@MLJPADTLY^FJEJNHCHPJAJDPNH@FTFRNHLJMEMDC@edBZWNBGLQLWBIFDLEL@NPNFLCRTHGLHJIJHDDNKRPJIFJPGHNHZFPCPBXGBKJ@AX`AhOLDHJNEXBHAEM\\@AGQCDKLEKGRGEGLGKMLADGGQR]UKFMJETB@EOAQECJ_@oPGJBHMJMBQATKHQCEVIAEVGTCHWQUWAOIIDGLKB"],["@@fIZS[GSFBJSHCHFF"],["@@NDJLTNRBFGCMKIGMMOKBGMLAIOQKDGUBJPJDHX@TIDFJ"],["@@EGSAkBILRJTHRAFGPCBG"],["@@SN@LMAGLJFLEvADGMQFGKEQF"],["@@KDCTCJBLPB@FHJGNKH_HQR@PV@TBV@ZEP@BGJEX@DD[LDRPDPIAKHKEOKALM`HJRLGKKFQGGBKYIISDICQKGFKK@GFaFYHIH"],["@@APFFtFEEKCGMBSCEUKQB@HNFFLGF"],["@@VEGEFMMIBGWWMGBMIGHGICEKOABKYQY@AFXJLJJJGTLFKJTLJJ\\FBTWDALVGP@DZ"],["@@@JPFPBMPSIMAUFSAWRM@YUKAYFGGSFUEKFYBEDHNLBDNH@FV`BHGfABGN@NH[JT\\GHPXDNHFnPZIDGESHKVALIRCpYZCXKhJX@fHGFWEg@]ESDYL]ZUFKJLRdJHHCL^HRN`FEJFDWLRTHAZJ_DVLHNdA@E\\BLGTCtFDETCAIN@SXSHNZLEXENTLOX@DIIKFCEKGELO_WIFQAEELILBPMH[IGDYMIQHQE[BKWNDVBTAPIMAc@\\IDGTEAGU@QGTGKYYIdGHDIHDFVTXAKMNGKKWBECJE@MKCAIPEJMYGIDGNOAPIEQUEEOKCDGAILEBGMCMDIIJEYCCILILFlJJJ@ZHTXP^BHDdH\\ETDV@@LWHEJ_@QHINHFL@LFBT^DFQR@PJNFFNbFPIJARKJWMEBUXLR@PEFGEG_IJE^DTMCEQ@iKSGIGcKACuUP@\\RDHKMEsOLEjNjLLBF[@gJ@BPTJIFHLPBHGbFBFUFDJVNBRRCEILGN@DPRJBLP@dVNAJEBOGGYKEIYKAGQCIGM@OIKB[SQQRA@MPGDL\\`VAPGdAMMJSCWKG_@UOOCKBQHSAeDMDiCXGFOCORGNTLIVAHG^GLFNEZC\\HJESMGKVGAIm@GDOA[MACUGGEYIDGZIRBHC\\@HINARHFMKGIA]JKE_CEMMCBKIAU@@GUBALFNNFCFcBEGMHNFAJKFOEFICOTADQYKeE@M`AXLP@@IKADKQOIIMGRCPJ@Dr\\LCIKOG@ETAcIFCKQ_URCRNPDHHPDNJJUNDJCIEGKBMUGVSR@FKPCDGKEWLSC@OPOOGIXUE@QHIKGYP[DEIPGFKGOIAIGYCHMVG@IGE@MJEEMHKLAFIIKNGL@HETB@IUASB_AEEe@AKPWHGAINANSXIOAEGFSHEICOFFPMFCRQ@CWECQF@PQBKFEMSDCEHIEENILOCELSUGBIHAFKCGUCDMGKiDRO^KESIGHEBMEAeFGIZBJIKEDERBJKECDMO@OLKTQB@KKGSHRXKJOXOBWAKEBOQCMP[GQ@BNQhTCbLDDIJJJCHFT^ANFTADNOFLVGHiCIBPLXABENAJNQJAJIHGRXHXFBRLNCBNNLTAJDXV\\L^NPNfPvaACGY@KFBFZRWDJTDTRZCLJRGBSEDQMGQ_MDNbLRDPNJHEVPX^BLHDIHIOMYIBEMUIMIAKYkIBVfCHLJBPHNJDARIBFLTNMBEKSGBKQOKEYUOGCPDPW@GNHJQPBH`AELYBUHMGQCQFAH[LSADET@LGHKLAXMTDFEAKFMNKLCBMMOCVK@IKYCGFDZI@GK@UGMFAGKLEBGMESUU@ULPXMJAQ]IFGDSEA@OGIOCCRGJuFY@GHFNGBANU@OCODMLAJHDGFRHTN\\B`EbADFgAEDLJfDFHuGGRDJUHQTKMBCZOIC@KUAKECGQCMQMFHHAJJHML@LIBOQUFCG]FKEPEGGYGMDIFK@_HEHLJQBwTMC@TKJPDBHQACHTJJLINPBBFiJDTHJPFZBPD`ATFXCbH^CFSP@TOPHODAPPEBIRFTCHHKHRLNANJdLLBTCBOHIFOPAANKHbCJKLBKLVXN@@HX@LLPABMFINLJAhKDOGATKAGBOVCDXTFMHINDJCNFJGRLJRHN@LSVBKL@JHLMJFDTCnBLDRCNILARENBOH]DCLMJODsAYEM@aLXFFRGHANI@OECIICCMO@GD_HMFELHHMTDLJDT@DJISDMCKDBNKPBHJBBPRJVB@D]CCD]AGHBHGDNLh@FLaGQ@@RXXGFMAYWSCCERCEMKC@IUGKPKBDL"],["@@CFQAGNDJCJNJFIbGfHJFEJJDAT]NP^MFBL`NNBHFPCOQ@KXAdO@ISQGAIWEES@LIFKDYGOFK\\EHKGIYFUCM@YKMFDJMNFPEFaL"],["@@T@\\RZBPKNEAKIEUDMWNUACLM@IICkIGCYAoBSA_JIFQBQFGHWFIJEPK@MJ@JKNVBLJDNdPRJPIV@RBBQEEZInCXB"],["@@FDVARJOFZDFHGJMFSH@VLGbJRCfNLLXCTAPEWMYCGMBIOBUIBMQERIb@JFX@@FR@FFPHxTLHPFZCXBRH@XLDXLNBLEKOJI@QNINE_GI@ELSBQ@WCQA_IGOOMIC[WIGEKJKRE@ISHOLHPNNDJUHO@KQRAIQKGKFUBMAQGFKEMWHHJCLR@TDSNcEUOQHSBYAKCIMAKGIIAIGOEQO@IGGKTKBEOJUQA@LKJARBNJTJBVE`RJVZNNBFF\\N"],["@@EXDFCJJBV_SOEF"],["@@BE]CWFKJHRPDh["],["@@NCRL\\DFFCPFFFJVFRJL@AKPIEEOBIIOAAC`IGGBGeGKDSKBGNARHXGAITCRFH@BOZ@VI^J@IL@AON@LGASFUTJVAPEbiYHUBQSIEGQSABRTHEFHVQFOEANULSTQDIL]@_HSCJGDGTE@IcA[KBK]J@FQFIHYFEDNNKTLHKNOHBDW@MHUFKHIPRBPGJBXCLETLTA"],["@@IIOBGJJL@HR@LLJ@DIIMMADG"],["@@KDAFQ@EHHPVCLELFYJbFTCHKHSCIM@AMKEOAWFDJHF"],["@@CF_PONFBnDlETDHICEJKTGGELIIC[FOFQDOEMF"],["@@eQQ@]OQCEKFKCSDOS@OAMGFK@GQAGKBGO@YFUIDQGIc@OGJOJIYCUMMOOEEKSGBQAEWCGI]KRIPCCGWCKHODaC[BOF[AGES@EMOGPIfB@KMCTQVEDGLGASGINQTEJGVMNELGNC@EROCGBUJAHKEGCQFELAPMTWGKLMH@nEPGUCUIKaWMqOYDcBCIQB[MSCCKaI@EmDBMUETMBQHCMIQENIAE]EEEaKGI]CKBCJ[LUAGCSHKAaKK@KD_EOKIQYOGIMEKBYEMGQDDKOKAEOC@G_KQIUGIG]UDK]AEEpUSEI]BI[IW@MBagDEGGAGMIOUIEO@iKACgQKASIWGEGWEaEKDM@MKLIKKOBAIUSS@QCAKIIM@@IEGKAGMGCU@_KQ@MEAINEWIOAEIFiFm@MCEGTCPOTEOOFIWGDEQOHWYKDIO@WK[CCE[F[E]OaIIB_LLI@wIKEIHM@MCEGIAUBcHeNWDGEWEUBWEMAUFIA_H_LSLOBWWeO[C[@KDkCYDmTCJSPILAVENIHQH\\YBIAWDSAIQEFQJKEOMW@YLGTEDONMMMIO_KKKDOUCKFYD_DDo@MH[GU@@I[M@GYESKIBUEU@BJKL_JEFK@GJMEJIAO`OFG@IQAMFGJSN@JIFUIHGNGACHKQBKHSGFGhSJMLBJGeQ]BKCKQICUAMG[CMG[E[ACEYKOOmESBADUFKIaFUGsZ@TNLDJVXGJ@FMHGKOKKBJNNFDJCH@HZBPTOFBFPFSF@SJGKMW@KK@COIOUMCFMAWCE@WS@EG\\CGQWDIFAJYDBHHHIDMQME]DOJELMAMHEJGDCTQ@]NBHMFGJLTGFKTRLLNBHaAICCQOCWSKCAIO@cNWDMAQFUDiPSFWHIPMLOHBNMRULAHHJAJOH_DCNHDMFAMJKNEZADKIICIXMcME@UKDGBQEEJCAKHaHGBOLIVAFCZ@XI`EPKJMESMAWJMCDKLCDQSE@E^ECKDGGGDEIEGOHEGOFGDOT@DOGOUI@OSE[Qk@EDWFOJqPM@eFQF}ZKLUHOR]HU@MTAJMLAPUPIHKFYFK@oVeJ[NYTMDON[FgBQDYEaLMFKVSFKXODgBWJQBACLIGKiIiKoUYCMECKWOOU@GVKFIBMNQASNGJIDQRKEKLCAMJKLWCKDIJAHMV@FKL@TG_[DAE]JIDQVAZACEQ@UAWL_BMFQA_Nk\\SBC\\QPFJVL\\HYT@FKLFHPDGLUBUFMACJ@PFJKDUDCPNDERIDIRMCYRWDFLIJMDEHUDYJIJAHQHKAOFCHMFCHSFKNGCGPOHHTIHU^OTGDGLKDGNC^BF@fPZCRKBBH\\ZCJLLLBBJRBRCTHVB@D\\JV@NIJQ@INCTUCINOGMKE@IJKCEDKBWPS\\KXQdEdJTPKhKJIDDR[bYJBJKJBHEPSPCNIB@JGJALP\\ANJPXVR\\JFTFHLAHBPNHNbAZJNnRDDXHNJN@TRJTdb`P@F\\RR@NHJLBJGVFB@NLHHRLTJBFTBTENBHCVMPNL\\JHAVJDRFD|TLLDLEdFXFFTNDNRDFFXJZBLLhA^LxFDFL^BTCDXHHHBXJDDHAPS`eRMROJSAQHANTI\\BDF@fITY\\QNULRJAJYJGA\\SMEWLiPiLAFcH[@GCQDGLODSGKBLJEFJF]RCHi\\G@EJKL_LCF[DKAGJD^DFAJRLP@@LQBJJPCCQRBBNLLCFPHLJDjQVQLFLCHMD@FIHIPAZEPJRETA\\DH@PKFGLFJ^PDNEJDFLDCTGDBVXF\\JnJVNJ@HIT@FJPBhGJEPCVOXAXEnEMbARAlDHCfGV@PEZAZBzC\\FRCXFbCLAZMZSXEL@RC\\SFD[RWFSBKDkbcJMBWC[B@DaBS@[HOCAHcAYJeHSJO@_HOJWCOFQROCSCILHFTCLDSJCRKHGAcRMBQDYDODAHMDKAEHK@GRKFQRIPEBUTHPGHKBCTEDMABKEGCSHOdoLIHKNIR@AGHOP@VBLGGEHMYBIEW@KEWBe@YDMJCFFNCFYTALDH@RIVMFEH@RZ\\R\\HHJRHDN\\VHRPDLNXbbJFPTBHLHNNTHTLHNGFYSOAUKUQCMGAGM]WKUKGCYGIQ@WSIQGG[JOAO^@NNNDTIRQNKRBFMDMGEILMXQ@QEKIEEWDKROVIJEPCDIO]ICKSII_KPaAEPYGE@KLOD[EMkJOBSJIBSHCGOC@EdQZBNGXEJOEMMKMGDIUEEYEIIIIYBEGOQQKCOMI[@GKAIF[@QDQAAH[AONFLOVBJCXOZDPIHQhQNOHUDSPCPO^GDCXG@GSDKNQJYLOH@FITIJQLKH_Jc@IIES@QDKAQHWLMJ_PMD[RM@ID@HIDIHAJHN@PGLJHSPIUDMCUGSNICMOQGKOAEEaOGKBQ`aHMLKBGN@EOHOHABSKIUBQVOD_BELGJWBBEgAEBBNMBKIW@ELDLJLSLUT_NAHKDHNEJFLLFKHAHNJARPNJTGLOBGHCNPLBHGLBLRFBJLJNBJFJJPNAFTXDRNP`PJPhVBF\\PTHLNTHKHFFCPLNlPR@PD\\@PHP@VNXFtXNHEF@JZjPNDJLFdRFF\\JbHTBJFLAVLTNL@THHLP@^VAHQCSMOGaGgO[GU@[EcKKB@PMHWQIE@GGCEKIGMCKOSQCIBQCMMGCKMEQKUGS@[EOGaAMEcOQKWIAIK@EGQK@SIEDGYG]KOOG]K@KIYA@LKHK@GKTICCSGECJMASOWQ@AFQCEOKEQO[FQKSNSBIHATEJBLQDIQESDIIKHKBeISFMHC@KTEJK@MJW@KNeCQPQTYJEMGI@KEb@ZEFKLIVIJMTQVGPSDMLELUAILQEEBKKMQE_BOG_MM@WIM@GGQIEMWEEIQIEGUQEEJI@IEQWKFGGI@IO]@EYMLUAWDQ@SPSPEAGDSOCIDBJaE@KKCCGLEISB[FGAOIBMGAOOWDIMIFCEOME@IaOKKBOAGSWBMKAOKWCODW@IEPKXKdBFHX@HEFQHGZMLWL]ISOOOI[YQEEOkMEEaM[A[F[@QD]EY@O@KII@YIOIUEATKLALNVEJJPCRILHHEHFFCLJFCPJLEPJLZJRPNHPDFHAHZDT@LFJJHXFVAVDPCVFXCrR\\BHG^O`@XPD^LDPJJFPCNLFDTJJCLDZFD@JFNFDCLUR`PLpjBJRRGFTHNJ@JPLNP`@VLRFRLTFLTVDjPBLPFFJCH`^LBBLGHTPJDIFSMKKAKIGIBOECOIKMGO@a[KMSEUQM@SKWGGHMACIQMMAUIQBFHGFNJMLGDZPEH]GICSAQN_L@LGBBNGBP^DNELJRHFDNFJPJ^ZRXEFNJNTJFVFPFDJHHRHKNKCWMSA_MIKMCOIIM]A]YQAIJBJJHALKDFPJJCDVXHTTRbPPVVNPXhdLAZHPTSA]OCJJH^RRP]K@JK@OWOCK@ZVTNALQW_YSFKIbECCSSOKKSYQKBJLFXI@CMKOIGBGQ@DKPHNCMIKKUKGEIBNPcEMLZXRLEHRT`^PNCFLHNFNCBLI@HNAFJJBH\\TFCRTBHXVLDHLPATGLHP@LIGI^KHFJL]FZR@FSJSCIDNLKDKEQBBNHDDLZ\\@JLDZ\\JDPPELLLTFFFOJ_EOKOEMOWME@UKMCDIEKUEAKKGQCMBVXHBXRM@KMGFPVBLVFGHLPXR@JPJLL@HZNG\\SHQBFHLBNCPDNJN@RDR@HNVHT@SLFLWBGEKMEFMAQG_BWD[MKKMDOCELHLDNHHT^UFHTCDHXNl\\NDFXJPEFJJARKZ@RNTFP@TAfLLFPB@JIDcKCGUG_HUCMIAGKEORO@ENLNAJTJGHJD@HRJDJLBFJ\\JFFT@HDCJKFKLHHALZBLRlLPGHDTBNHBIpL\\CXB`JPCJIXCTNHGXFPENGPDVLlg\\@BHLDRBLDhD`LZREDRNTFHJBHLHBDXHJLBJNDPLHJDRFLRJLTFDFLVJIFUCIOSWUWIMUQSGGIGBQAUGEOGMMAGGBGCKGAKGBIUGkIOIYHcTADO@]BMGSBGDOAuHMJQ@[ACCDIGGQAYBIC]BLN@RITGLYLS@aaQ@NNEFMEOIKBXVJBLXRNPRJERHDJNCFEPHBSVE@EP@RDRJFGPD@HVATDTPTBPLDLVHBFXCJAvHHJEDDLaMUG[EWDEDkEWUSEIG_KSHGGOFANK@GRWEKBVPSHPDFLZPLIZDSJALPRBHTNDJv`fNRRTJFLIHKAQH@J\\NRBbPPAJFVCTJNJ\\LTBdAJDR@\\EDCXINARBPHLCZBJHBLjJNFDbD^@PFXF]DkKG@QES@KCW@OE[AQAGE]AoOaBGJI@KGODDLAFQ@YFoCcJRLANLHDJr^RNJHHJNFXTRZJD`VPPVR~dMFUN[FS@WGSDOHAH[JO@KD¡@KC}BcDW@]FY@CGZKhAbAbCT@DCpAZDdBJAXD^CVGZGR@bCBOKKQEEIWKGMOAcYUGOMIASM_BMECINEDKEEWKQKEMFGXKEA[GK@WIMQMHFDSHM@EGYMCIaIKGQEEE@MUKcWSIKKOGI@KJ_IQKUSWOKISBOA@IYLWD[ATKL@dGGKYUMIMUaSMMCIWG@GMGkMCIQGIAOGUAKISCOGKAwOKEIDIXYFsFEHOFM@KISVKFAHLBTH@RTHFJAHSESMCIMMGOMCeDeJ[BOFQDGASBCF[DGDSCWDAHWJKBONE@SLAJ[HCNMLI@CNITODWJGLDVKLBLNFvAjHDFR@JGR@VDFFX@DETI@QND`CLGNCHEVAJKPCBJKDMJSHQAMHUHENLJVFXDNCLBhTVFDDZFRHLPVFjLBFtGJKRIFIbDPCFEnEhDLCjBPJt@nDV@HFSBWAQJmGGFYCO@]IsCQNc@@HOLWBGHKBILgBaCCCSFKCEHUQG@KM[MCEYGWOaCONQAeIQAOJICYBWPQAODEGgE@KS@KL@JOEQD]A[CWTOFiBGCQBOCGEUHEHMB]OCEMEU@OHaA[DCFWFaRAHKHCJHDERJDRAHFCJVHRALCJHERKBBLX@PEXD@JJ@NVCJDTEZ@bGHDRAAJ^CLF^APJdAV@DJTBFTN@PILCNOTKTCJKJIPBJJJBFHP@DETGKSHCdARBEFDLK@CROEgJKPKD@LLL\\@DE\\GPDJAVARHFJfCJLJDLKRAJClAUL_DOFmFaJOFLBVHRJHLBXARBRAHELNPBPCP@\\HAFVB@H\\@LGbATBNHLR@JPFNJNAZH@HgDQIGIMCKG@OEGa@YHQ@GHQAID[BDLXHTHDFTFLHT@ZBAHUNWAOC[B]E_A_GeBOIaAIFSGKIQAeJAHUC@HKNhFNFCH`HHMZ@RANBAJNDBFQDeAEHKDANdJEJFNHD@LJBHJAHJHJNLBXKHBINIDWAGBHR@TPBJDGNHPNGFPrD^@JFJCDTBLQHGR[VINBHEfO\\@XCLEHFN@TDTLX@NEVHdF\\HR@TFf@BFYDEDSB_EGCmG[ASIgIGHOBMJeBKDc`KTFNZBGLMDQHaDkGME@I[@MDBLKJBHCHKAIEO@MDAHMHENBFNFf^\\NZDPJJBFLHXFFrD^APBJFN@JFRDTAHGINBLORGDGPOTDNKLAbKTBHNPFbDPFNAnHPDJA^DHFR@nEMHOAaLuIMAWE_CIGMJQAUGYBQJQBOJDHSTALEDYAIJUDeJk@oEWHSDGLQHCJJHGLRHDJHFbLTLNBPRVTOJAFOFMAODBPJLVLFHV@dFPJLBHEVBXHfHNHTDRCNITUlY@CXMPAhQFGVKNBAHPBHNPB\\LIDcCqJ[DULURMHiPSPENDFdLNJFJAL\\LLA^BNFQFWAUCYMDKSOSA]UUAGBWGM@MDQIMB_G@HGFO@[GORS@SHaIAYA_@MDXNOL@FTHQFFJRPZB@HHJbEAPJRfDBHZ@@KGK\\D@Dn@\\JZBBJTJLATB^CXB\\LFFZHJLLFRDZLNJRHAJLRNHJJAJQJSE]QKQ_IQG@KWICGKCUQOG[ISC_DgISJPDJFBMTNJN@NFVB\\LEJ_L@HNNMFGMME@KOASMaEQKkGUOQGMC[SoIS@gGWHUPEPCTMIFQQBCJ@NKLFDGTLCJTLCLDELIBGLIA@PFPLNTHADQHkE[@IFILAZQPCLHLERHD@NEHLJJXLNCNFRCNRHGJDLVC@PGB@LPFTELFIDVJLKXIZCAI\\GbSRAIIPKLFPBTGPHOJPHPEHQECBQZM\\@DGNEFIPAHIJJMLDJGFBNGF@JR@JKJ@RGGS^ACL^PTIN@FHVIANL@NGPDXAFEPAV@HHAHJF@JeN[Bg@]BUFYCQEoFBI]D[KKNUFWNMAIDBLV@HEPBCLGHcBoNCJMLHVeXIJ_RmLMFYGKFBPNDFHENPNRTRPIJHNhDCFVJP@\\DVCHONDVCDEPBHKPCFHKH^JMHDJaBNFBHGLMLaBQA[@YDUA]RSJ_@QDIHBLPNKJR`@VKTCTIH@XCFLJBJEJCTDFPDTE^@RNJ@LJjILBTJLEbDLEPAJCKKBOGQZ@IOLI`IDIMMDSCGZSbSLKZOVDLCNLOFCFMJCHODTLLDPGKKZFZBDFGHYDGFTNHLAFJXCNGH]DDHSJI@YHG@UDDNQFFFURDHVBGFSFZREFX\\ZJDJPBTAlIDKLBRH\\K@EII@GPCIOHECIHETIEGHGhCPGhAFEX@LI\\CFDBPIFJLJ@NHEHTNGHALJBDPTJPE^@NIU^KRKFMLIXExONBjG@CbGjGFLKFYHGFBLSJqHgDWFMLBFMP]PIJMB[@J@RYLDHLDZCdBELZBLGDEIE^SRCBC`If@bBRH\\DRAVBFGNAZGPOVEHGZI@C^CbUdBHERCBGTUTYnmLBLJejFH]TBFILSLWHMAMFCJQPMD[EERI@OL[FGJWLK@KLJDh@HLNDTNKHGEKBBRGFq@OHYBELcLUBU@EDqDEHLDAHWLEJIDGJeAKBPNU\\QHgC[H]BQHPbODCF]BIFIPKACPVDCHI@NRBJHBPP\\ADCPADC\\QRGPA@KLGHBNQL@JRZ@TCNMLDNGLAHH^FDHID@HLFNBKJVRO@BLWNUFAJzHSBGJMHEJNBNCj@@HV@CLT@DLS@YKQBIAGJ]CULFJP@PFCFcIGLRHCF[L[A@HKBMTJFSHO@GT@LQDCJSLYHSD@JPFFXRDNHPEFMPDLCTAJGEGdANEAELCJQLHPDJLZDHJ\\HPABHTAJHRGRLNCEEVGFD\\BFFRO@GL@CXNFDJVMVNL@FEPCDHUB@NV@LFP@NM\\I\\MjIJJVGZHDJN@XCDG@QTCbW`CL@RILKJJCFWFFHiTqNEHXJdC`@tDBDeFyEaFO@[HaAFISEUJ]EWJ]DKJWLCJOA[DSEGFFNH@PIFJgZO@JJJFAFOBFJVHGDBHUAKKK@WFDPNH]NJDUTPD\\GJBSPQBRX^VLDDHKD@JIJFJRNTALMPCFMLDzIHG\\BBKLCVDVGQMJAPPSJJJMJO@UDCLKBRJVFHDcBCIICkAaHIFFFjHCFWAGDM@CHPFAJP@BHpNAH\\BNATB^EfSl]JDCHUJVJ]DQFIJDF]@EDcAYFGFZ@@JUAGD_HEDANKBWF[HDHKFLHCFLPGFNRLFDNJARL@FXBPCLB^NXPCFHJNFHVVHKFJHIFHHN@@RI@BPJBKNJPJFVBLIJ@RGbGFG\\DZHZERBnCDDRBBEPIRARIX@TEAGLCLIGKFCCKFEGORO\\GJIAGSGaSCGXBEEHEXJ@F^VHLBNUDaRPTBLVATBRABPQLGHK@KNXAFFPDFQ@KHEPBAGJCNDHEGKFKLGNHV@XIIGJE^ETBJIR@TD@KHEDSSQQ@GEMU[OcOGMMMIMSKSWIAHOXERTDNR@dLHRX@NL^@@^HTLDDLXLHCRH`ATH@JPFAZSNTVINlRLINDVATFbAHERFVCPGHKtEVEHIAITBHH\\ICUHIKGRMV@BGQIJIgAKKQCAKOEJGCMGEOWASUKAIRAJLNFDJTJFJLLLBPJITRD^RPNZ@FNJJPFHPNJ\\FBB\\BXATFRARERB`GJMUIXELFbBCGP@GLGDCHLDZE\\BIDCJLBGTHBT@JIlGdJDRJJJFXCNLZCFMPFJ@NKNFHOT@ATRH`LETND@PZ@^FLMAGJO@MPC\\Fh@RHNEdBREDMJCPBLLRBLCNBhGXDPHNAxFLFTCAMZAFTPHjFRFLNNHzVN@VHTAALHFZJJBHIbEHBxBVFJCRDnFRBRAIQMCCKLG\\CJEZBNHZLpHX@ZCRDPCMGDCR@\\C^BVEVIPBPJRRBLEHU@OFEJQByTEFLdRLTHVDZ@VKFMTWdDFBVCf@PBFHZDNCXFNAJINFNCHLx@LHPKREDMLILAtDJF\\ATHVBVCdARBHFZGPDNCBGSEGIAUDCIILC@IOGAM]CYEP[IUDE]OEOoWMKK@MIGO@eCCLWNO^IvBbHZ@FMSWLMAMS@FKODg@DI\\GBKSGEOQIDOYSDKIIGWOEUQMEUAIKWGAGgQcaQMSGkEOGOA]BcIQIGHEwIcIKEaMIOOEEGMGUAU]aS]UGMCKYIKKAGOEIKQI[CkQKI[KBAiMQGWCOKSGAGUG_AOIOM}YYMQAUISQY@MIODO@WE[KWWSCQMGWCUKMoI[MMMY@]GcAYK_GID[KIIK]KIEQGIJI@IReG@OGCKMCFSMEBGLSAII@IFYHMBw@mG_OKOILUBaFTJBJIDKEAIMCWAUHALUCQBGF]FgBEEcCc@EEDKiDWROHQB[JUNYCGI\\QNC`KTETBLECEVEVFRKRBVJ^D`@VBPFZ@@KRALMLCLYZATIZ@XBST`IIVIPKZGnLrX|VLH^@CHTBJARKWCTK^BPGRERKcDQAOKU@MEZCVBDHNDbCRFRAlF`PZDAJLJBHLHFP^HjFJCOMDKY_UMSKEGWQUSSKKOICSOQKSCQIIK_OEQYYAEkcGCYUSI_AYFYCGDU@@HLXHRJHTHBTOBiAMECGK@gDSESIaKKMUGy]IG[GOHSDcDKCW@aGCE_IIA_JSCQGGIFMAKIGYCKD[KKK_QMGAIWCaMKVSQMMAHOPDZRdLbRVPndPbL|^^N|NRCHBMEMFETCXBnBfHbBzX^DJL`IpBJESQOK]GIK_KIMUIQQSIk[GUKE@ILORIeDcBoOaMEGBMMMWAGDeBQD_BUEJG`DZIRAPDNG@GMOQOOEWQGOQ@gDOFESDgBMBOHOD[@cCaKBM^MTQRC¢JTCP@bCPBpNXDHHPCTDND^EVIJBLKPBZJdZEVJJ`E`@GJJFVXNJ\\VNDPGJSNOFUAIDXHJF^DfALHDHXBjKBDhIIdA~HrB@FlJTBXLVLLADJRJKFQIWGAF\\JpHbJfR@MnR\\HNHKJNH¨L`@VGHIIKCISAJGT@BGZBfINHBFGRSJKASPUHPBzCz@dBXDfLRLPPFP@PQDBF`CNB\\@tPT@NHNCRDXBNF|F^FZA^EXA\\JTAGIFGTKHDUJ[ÌaQfE@MRGNV^E OZB^HJHRDbJJAZF@FfFJHJN^BPDJATDVHDCrFFOXITAVF`BHHbOd@TAHKPGLHPDVJLKH@nG^PLI\\BFINCLBjC\\FNGT@JHLANOTEZAbDJKRA`RNCLDP@REJFVCb@JBPCXBZE`BXNR@XMRD`PANZLdHXMZGAEXEPFNBRENBXEJBXITE\\FTHLLNENJNFNJPDHHNBPGhF\\@\\AHEbGLB^HPAVFAOHGAGJCnI\\AR@RLZGXIAGPMXMBGZYRGPKRGTChKNGHIIIISBUHQPUZMCGHQGI@QNKAGJGJ@RGLANIAK[FOACKVIAEWEBGPCVMEEESKACGOC@MWIDCWGHIAGWKEIOMQFOCMIEKBIJI[KYS{WSW]MGIOCKI_OSUQM@CcgY]EI]cOYIMO_MUKYKcAWHYPMXBPGOCEIPGGQEAOWQCDKQKAIQKBEIGBOSECMK@SSBEOGMG@EUIAG_MCGFGMA@IEKIAKWDKMAcSEKHIPBGKNAQIJIGGFWGIFM@OMIBEWMDCGKHAIMMECKKKcQIKKGYC@OEI[EIQWQDCeSUQGEGIACGQDYAYO_]QWMYQmGCS@WHHNCJHIOUSLAFGLCBPJ^EhB@UDGMEKMKAYIYAGEWMKSAYJQX@NCFGOKOYQG_WDGIECGSCIIBK[MYB]IWI]AMGMMQIKMGEWE_MKIkMIEUCMGBCWmEKWAcHULOBWJ[@iA_GUKUCQGiLi@OEc@iGcM_E@MAMDMLKIWCY@g[aKYMIIOIWOAESG]UmUgMOGaC]AIG_IMAUBgNQLECTObITChCj@lHHBhJ`HTLZHTDVHfJ`LlFbL^FJDZHFJLFjBfFT@JHTFPHRB^LFJLJ^HtDbCRKLIRCvJX@JCPDFIGKD[I[EcIGkYO@SEED[CUAMCDGdCJDrQXDNZRALUFQJGP@XIJKpA`G^ALD\\GVDPARKbEHQZKVQJA`MVBFGL@HKOQKIYEO@QEDGKCKI[OmMQQ[CGBKMUAYE]CMEeIUAKGSCUOeDcKIJOBSCCNODQPSH]FsD[AcIaMYOAEgWCEQESIQBeSGKOGSQSBSMUGIKUGQBQKIAKYAQDMISSMBIKCKDYAGBa@MC@IUE[HCFYAiGGKMFIIUIAGOIIFKD[ADI_OkFKEQDOEZCCKDKIEQBSNNKGIBGPKFGAYHWDYAMLQBKCeBSHEJaR]@JGCKME_BGPGDQCW@_CSIWAWDaLgXAF_PEFK@YH_Tc\\KFYBUCCHSL[DGC^EDCIOFILCbBVNLERUXMTQ`M`ENICKLU@[TM\\BJFDJNFRE@GHIKCXO@IVH|@fBFHZBVEL@XCLIINCR@FITCn@RDNCdA\\ET@XALB`G^DPHFF\\FNGXIFGZKT@fGZB^AXJb@HFNCHI`@PB@HVH@KJEJJGJjOPKTENKdUjM\\CTCR@VFLH^BZCTBLFN@ZH\\VnFXA`BLDRJLBFJEFZHFRIFFPZDJCVAPFQDQNEHJN@FlDLDJHFNNBRTV@NFXBLCNBbIN@JDdALCJDLEVALF^DRGVBN@JIR@VCRGDIPIJKTMREFGKEASOG@GN@^FJRjOJE`NPAV@HKnGLBTEFGNEbBHMfKHIZDNG@IHKjUPAJEJ@JI^C@ENET@dDFEV@dG\\AXFPH`DbIPI\\EHC\\GV@P@@FV@DILGIKPIMILEDKTCZMLFJIXDPIBOEKNS@KZKP_\\Q"],["@@NRXBLPDNJCDMJCAKGGDIQ]MSMIG@IKUCIMCKTYHeAQVYJEFIPB@QIS]QQUU@UEQAYFOTFJOHK@DRCZJDFREFDNOTHHKTFPDXHHBJJHLDJTHFRAJEVBHCRBNNKDEXFD"],["@@AIGMOAGKOIYAYHICAMGAGOKGAGcIBGEIMGCKIAKOKAOSUCGEaEKIKCIF_ISEKGGJI@IKIJBPSJ@JO\\LHAFTTTCNFC`LTJJVDDDKFEJSBPVRDLHLCJHKDPJfJP@@HPHDJVBLLf@XDfHXLDHNBRNK@]OGB]KQBUDSOOAQBKHMBKIEQ@YDAJDXGJOJBHQNOAEXOHBFSBHYPGDQDCGSAIOIO@EGAKMMAIQK@MQMEISKYRQAKFLRATFJFTQPDPCHWDAIKE_LGJ]HIEJMCCDIAGIE_CoHKA}KYAaEkG_ES@AHPB@L`PJBDJPNDLMHK@cM_MYCWFKJG@AJG@a`GJHJAFPDl@PDDH@TDNOECSUEgBSGU@KJM@CHMBAP_TQJSbFLSDO@KJDPCJBJhLJJTATLJGJ@ENDTLIRDLGfI^MJGXYfK`@LF]DSFa\\@HQFeVKDS@KLF\\SSSB]EOB]MJRBVI@iNBHTHIHO@IRJNGDCNKC@QEIQGIO_IHLEPTPOP]P@KPMWBEGQMOHI@MENEEKFEDOFKKEFE@MCGHMMIWAEJYAu\\O@OHUBGFiAy\\KAOBOJ@DSVGBRLKNEVIJQJO@KLc@IJDPNBAPKFPL^BdGFER@\\EMPWJMLG`HdNFRLXFL@PMDKTUJBFMPIDIPE@SN@NIRQNIRERIPRPDLATSBSJAHVWLBPYTOEWFPDBRSLK`OVHF^ERLXFRG`WVDEJHDBJQFEHUDCJe\\QDUNSH]LLHDJAJHVHHALDFALGHFHJD`AZSVCRKDMLAJQBaFMN@RGTHXM\\G^KHMTCNKLELKVOHLXLFJPDJIECISMQOKCGTCDKN@KVBJJBVNBLhHARIJFJN@XKBILKFQJDlQBWPFNGCCNMAUHKJCLFOLHRON@L^BYHIL_RQFSJKL@NKFDLKHQFCFNDQHKTAJNJNKH@BNL@VZFLUBQIWAARKFHHENFLedOHMPLLZBHFINJDTANDLCzXDFNLGHNBMTIBLNOHNBNIXERB@FTHbAHMIACIXEXQ^AFINEHYNGFKF[ZEdFHEPA\\SJURURGJUP@FIEECOEKJGAMJQEWBCAmKUJGFYHUGmI]@IKKaIOMQFWGIEHKGI@GZHJFAJXGTJlAHA\\YAGS_Q@NWH@NMDINMVGCOROIIGDsImYYGZARFPLlPZBjGZF^@PEAYREII[EKJGN@VNTHNAHJ^LJ@PKJAZURBPERB`INCNENHNBjUEEEQT@TEZBDH\\LN@FHPAAGTF\\LLBJCjTjLV@LB`DVERBFEAEQCEIVBJDPAZDvBJCNIL@BMGGOGKICMJKAIKI@OeQKCGIMCYMgKWACEUGYAKEMBSNS@DIRSIEFGKGLMPABESCOB@KLB"],["@@AHXATFFLJ@JK]Ke@"],["@@PNLBPKHFCJJFHE@QDKQWCIDIOYFEGEDGKK]JMXRFQN`HNLKBIJFRKH"],["@@IHDDXCVHRDNALHZCDE_KOBUGkB"],["@@VIMMLKGC_HI\\NFPA"],["@@^JFGVGVQGGQECCPIBIMK@UYHG^GLKJOH@LPP"],["@@MCY@SLKPNHPMPEBEXE"],["@@EAEKWFOCS@MHQFMH@HNF@FPDTADHt@\\YIEEG"],["@@XDJEDKCKQBQHHFMFHD"],["@@EEaDGFBLN@DHN@XF`MEMMEUD"],["@@JFPDHK\\E@OsFCFQDLH"],["@@KDJFEJWFEFFJIHAJRALFVCfANMEKJKPAJKT@GJP@HI\\MCIZDHMIKHGGGQDKHUBqEHOV`B@FIXFFUDNO@IKB"],["@@TERA@GWBQCOPHFLC"],["@@cLIHBDXBVAHGIO"],["@@HFNODGgCANPH"],["@@DPJBBJVBLEGGEKRETBDE_KaFDHOD"],["@@QD_BODYTGPRHT@BFT@LDT@@G`EHEHSFY[EMDCD"],["@@LELODIIIOCMPOJAFHHVF"],["@@KCUDKJj@NBNOWD"],["@@CDPLZMEKUBIH"],["@@HDPIMEEIW@DHEHYFPD`C"],["@@@HNFJGJMLGIKCKa@QEMFPFDF@JNR"],["@@UBELrHIOKE"],["@@NOCGJCCOoXCJTBPH"],["@@KDOJINFH|QVGBKCG_@OJ"],["@@ZCFJRER@TGJB\\IDGNMCC_G[@cJFLOJEES@BJIN"],["@@XALSBMKEUHIVFL"],["@@PNV@TGRHbQ`ABINGDGhEDERBNL@NLJAN`D^NJHCNDF\\HAFJHJ@FK[GCGFK[SBIlAHGVBNCDIEILALFBL^ENReLDFZBhJNTNHND@FNBJMNHAHLJNBTHMHQBAIeFO@BHVNX\\DJjHbDbKFKQEFKKESJOELIOCCO_KNGQEdIVGAENEDOFGaBEEVECEUCEIZBHHNAPIHFBJNLNBGO@KIGPILHPFZBCJI@OJDFPAbS@Gd@VEDGKE][IACMSOUHCFODWRdHMFUGaCCFaHDRa@KCS@UDCMhCFCIIUGBCXAVE\\A^EEOKCHMYHJKTCAG\\HL@NE^LNBNCCMOEDGGCBIMQWCGGUCS@UDIJQACGOBMAOFEGS@gISDOAMBQHXDDENB@RCFQAFGUB@EQCQDGEdCBEQAGHKA[BGElU@PbCPBNAbAPDb@NBNCfB@C`EBN`DVCHMKMPEQQ@GQIEKDG[CqFUHGCBIQBSCQFECUA_BGESHDFKFYBAGYAEE]DODHNNLOHENUBOPKBIJQNQDOJSAOFcXCHUFOCPG[Q[AMEQDS@@JKJGLNDAJQ@JISESNMBO@GDMPW@@JZLLQLBPRAJFNXHHJILJBHN@JP@KJ"],["@@AFNHPCDIfOGEUHICWJEH"],["@@RC@KOBCPgJhJBU"],["@@YNMAASUISAMCGRGNR@HHVAFDZD@JLRRBHLRCNBHFZAPWBIIMHEQC@E[OMDBF[D"],["@@lHHFCHZH@JJNPDMJHFPBFIP@pNNGVFLEZAFJYH]LgJCFXNANDDRCTFNJJ@bC\\EN@JIXDVEFHLDbGZBuNMHSFGRT@ZFODCHOIYHIEOBBHUAKB]BIHMBEJIAULUCEFYAKJIAYLMJGCTIBG[CIFGCmDcLAPQAAESBKJAJHHKJHDQPSGEGMAIFJH@HdHFJCNTPXCTSRBCNRTTDFFzJTLRBjANHjHTBBFqGS@gA{MI@OGcEQDGJM@CFJFN@HHd@PHKDS@IC_ADR^FVH@VGBEKUEaMDIS@WN_FBJINB\\UHDTSNUDALEJNRdHDNRHAHLTY\\PN^DBGVCXAPFRSJFFLRD\\GCPOJYAIKQL]DL^NNEHNLAJRBBJXLFGCMTDlCBGfSVFGRRJNEHQRCNIdAPGIEDMq@QBGIHIPAFEZADCZCTFFADMHEBQIUDORSHUACZGEVEJOLGXDLI@@JPJRBSNJF^AAPFHLBHJLGRPXEX@hGLGVA\\IJHNBR[NKAKTHR@INGDAHJHUNOFOGCHUDBRDDV@BFGHQBMJBFSV]BIFKPWLBJERKJV@\\LSDKCS@OHNHJJR@DLNFOHjJP@NDXGJDBL`@IFZNNHVDHLXDNA\\JJ@JTNAZFHI\\@NC`NJ@HHZLb@VFPAJDTZbfnBRH@J^RHAJPJLBvVlHRLbDLJRJDLJHpBbNnZWRZNV@RCAElQHGNCQGVMRCPKLAJIRICESGAGBOHKRGCGRAFEAIDOUECEOEESQG@IMMCSQKPCAEXOZMVCNBBIwEMGBEKECEOGGGWCKICMFIOKU@WCQDIMDEEOBOUCY@UFQGEIJWJ@CIKIOCQ@EEYF@IGKJKvF\\OLANIZGN@NJPAPFNNRFX@VJLH@HTDFNJHR@^JHATJ@JLDJGXDJIOMMAEKNCSIBGMCCIJAJGSCCQG@SMKBkKIQIGI@MGUC_@CNMDO@IJ@JOBAJMDcAMCYOsK@LMHAJUCUFSJGEJGDKVSJLLEAEQECKFAL]JEBOMIgC[GU@FILH`Fb@RABICM]CK@OJOGUDKESBCDW@UDSJEERI\\@VAPGEKO@_O@GKGMCKBaI_HEEUIW@UC]@ElIBFd@PAhDLHJB\\ARDXCBHZCdBDCXCCNYAQFDDbNJIPBXJVGPDAKPUU@AOPD@FRHDGEKFITCUSXCBOMCBIGC{AIGZCr@^AAUKGAO[EEIMEFMO@QFINODUCOLSOMAEJQDMGQBWCQEaFSH@O[@MDgChEDAvC^D~@ZKLI@MJICSDEaICY@OGEc@YFAIICIIOAKX]HQETQFOAKMCQBQC]IGJKBKTSLAHSPFNQCUJEHWHLQTKLSCGVIDMLGMCUDOJWDGMOFMJGHQNEPURGNKFSPGbPNIRIHHVfZFHRJPALJCNFHbF`A\\MRNY@]F@FOCKcKUKIKgYQEaGGEBMHEPCTUJQJWMEFKJARFJ@HQZM@GPEFMFAAMMCQFM@MK\\CJGLAVKCKPQGIkDMAOFQAMFKCIBCFYACFOBGHQ@GHWAWGNQBIMASLQGFKLOjFTEHKNGKGNCLKDIRFJGDKCOGGk@EDcHKHM@TQIERMOQSNSEKHG@YROTQEJITKEOEIICGVMAKGJCCGLGEEDMQDIHMBOGFMTO@GUAMDMAKJIGCIVESK]AcKFIIQiEQJGATWIA_\\MFQPOA@JKJSJIBiXG@WPOL@LQHEJO@iLSPANDDQJPHNAXFpQFGBOCKHIPGND@LJN^NFJ"]],"encodeOffsets":[[[-7110,57813]],[[-5526,57937]],[[-5548,57884]],[[-5906,57589]],[[-5669,57766]],[[-6570,57663]],[[-5755,57601]],[[-5760,57617]],[[-5579,57910]],[[-6234,57817]],[[-6375,57823]],[[-5702,56611]],[[-5199,56855]],[[-5068,57048]],[[-5039,57091]],[[-5470,56880]],[[-5849,57565]],[[-5726,57562]],[[-5850,57508]],[[-6389,57372]],[[-6392,57387]],[[-6479,57176]],[[-5291,57130]],[[-5879,57060]],[[-5234,57234]],[[-5829,57275]],[[-6119,57357]],[[-5790,57601]],[[-7805,58145]],[[-7747,58224]],[[-7841,58181]],[[-7689,58248]],[[-7575,58681]],[[-7404,58771]],[[-7560,58802]],[[-7738,58320]],[[-7512,58377]],[[-7496,58384]],[[-7559,58414]],[[-7469,58423]],[[-6840,57937]],[[-6479,57889]],[[-6029,58011]],[[-6048,58018]],[[-5967,58155]],[[-6375,58193]],[[-6325,58242]],[[-6175,58861]],[[-6328,58529]],[[-6004,58644]],[[-6167,58680]],[[-5980,58713]],[[-6653,58721]],[[-6522,58321]],[[-6660,58416]],[[-6660,58426]],[[-8800,59215]],[[-3349,60349]],[[-3223,60195]],[[-3162,60259]],[[-3225,60251]],[[-3397,60324]],[[-2670,60493]],[[-5965,60547]],[[-2880,60305]],[[-2880,60443]],[[-3058,60508]],[[-3054,60541]],[[-3004,60558]],[[-1666,60981]],[[-2965,60797]],[[-2457,60783]],[[-2159,61591]],[[-1757,61794]],[[-959,61814]],[[-1058,61806]],[[-1484,61777]],[[-1424,61770]],[[-1440,61832]],[[-812,62198]],[[-905,62127]],[[-959,62132]],[[-794,61873]],[[-1219,61880]],[[-877,62085]],[[-1002,62060]],[[-1087,62064]],[[-1218,61449]],[[-1361,61524]],[[-1604,61645]],[[-1047,61578]],[[-1142,61561]],[[-1331,61560]],[[-1351,61561]],[[-1545,61920]],[[-2880,60590]],[[-3075,60599]],[[-2686,60679]],[[-2895,60628]],[[-2782,60656]],[[-3084,60753]],[[-7791,58898]],[[-7360,58861]],[[-7424,58861]],[[-2083,57151]],[[-6162,58861]],[[-5939,58504]],[[-7861,58903]],[[-6133,58951]],[[-7614,59041]],[[-7460,59105]],[[-7559,58926]],[[-7580,58934]],[[-7380,59153]],[[-7306,59479]],[[-5310,59777]],[[-5400,59661]],[[-7036,59626]],[[-7042,59668]],[[-5342,59328]],[[-5643,59357]],[[-5551,59401]],[[-7292,59400]],[[-6887,59401]],[[-6578,59392]],[[-5579,59436]],[[-4442,59966]],[[-3198,60099]],[[-5940,59113]],[[-7249,59161]],[[-5760,59215]],[[-6872,59266]],[[-5610,59289]],[[-7671,59040]],[[-7265,59130]],[[-6510,59284]],[[-7199,59278]],[[-7208,59221]]]}},{"type":"Feature","properties":{"name":"Wales"},"geometry":{"type":"MultiPolygon","coordinates":[["@@MBIRPBCRPHREGKDOAOOB"],["@@JDLAFGCIGCSDM@AHKN`E"],["@@AG]@GIKHYBCNZJVERABGN@"],["@@J@CTE_t]dMJORMLENIDKAKKKaKED_IQCGEMAOBEIJAFGJF`edKDGpGDEPEPANDJJVDEQOEAIL@IMKDEQPBDG`KKOJINBLMCGJGCMKCDKVE@III@IDEPEN@NMEELQPILBVEZCPLTCZBLGFI^BLCTABCIIBCGIPI@KFEGEDYAMBGEIuAoAGKAMVID@LUJCH[RGTOFIAyFGJUAIKKEWDMC@EkPWJCHUJJHKJKGCKkCMAEOKGUQCIQEUBYEYAOBGFQDYYOeBKY@QBMCAGTEUCKKrWKIOCKGKCQMXIKIFIGESUDMEGNI@IFIXC`GlAHLPANJJABIKGHMNCLOPHHELFTMRFFCXGLHPKAGGK`ONA@IGENCP@VDLGAKJ@@SGCYBFNCHOEWAGCgBIIFKAGQMGMWCJG@OEGDGAKIGDIIK@EM@IEIBYIXGLEFGO@EGOEGQSKHK@GOAQGYOIBUCIBDYRMV]LUIE]CKEDKJAhDZHZDHHCFUHNLPBzPPPNHhFVARSCQJGGIMcHIEGiHOADGKKJGEEJIeCK@m@SAWBYAaM[@IEYGmUYD]MOGMOUKCSLCAORKFKjGVG^KHGRE@QLGJB`ELCDENER@NIDGRKlMNE@EPEJBVG\\FLAtLPCJFRBHC`EAIIQSKUEGEWBEEEUFOIQBEOGFIEGdKh@TBTGSC@KSCGDSCODCDM@WEQEWCMEGEJKAISCICQBKCFKMYLAWIUMKAHOBICSIEUG@EQGAELE^EFE\\LBFTGDGSMUI]COEiADIMEHMTBFCNAVEAGFMEE]CH]MQHGJSJALKJATOAELMMOBGMKXQFSLMRODKRKDEdOHMRCLQPIJOCMFGPEpH@KJOGGLIVDLAHHL@RLLCPHZHFHV@NFAJZ@LMTBLELAEGYC@EVBZ@HQHCX@NMREFIbKNAVEQMAQVGT]VALGDGZNNJFQTABLP@HO@GN@HJLCR@TEDMGGBWYCKMLQAQEIBGIMLORGFGQY@GGCUE@GJEAGFMNGHIAGKAGDICVEHI@GGMJGNAJEEEQCW@GACKLEJBNJDGIKOMBGRBHIEMJKLG@IIGBIQAUGUISOCGICEIY@[AaEUGgKiQOCgOYIcEK@SEKAMEO@QEOFe@YA[DCD_HCLVHEDaIGKCMSKyWU@CGSESIWEcOaIGBOAGUKOMAHIKI]UQACKDGK[AYDQMAWIQ@wHOEOGSAKEO@OEK@MHIEAI[LO@MGOAKESE_F_@qCOAGJMDUASBW@SB[JMCWHM@oHM@QCK@eHMVQJIPQTOLMDCHYLcLIJ@NSNKDSDMCKIKF[DMGKBQHGPWVODCNGHS`K\\]hORGDICANEH]Xw`QRMDkA]DQKaGSJU@mC]I_QMUAMHKjKcKcJIEOCEHMFWGWAEMM@OHQAIH[@SPE@OIEDeEQEMIAG\\MBEKGSFiHQAS@]KQAWBSJ[JmTQDQEMDBFPHNBDNAJM^SZEBVJ\\BVPNHRBRRHTZEEOMIT@TCLBNFhGJGNBTCNJHJLDTCFJLFHATBLFDJhL`FCHXNELKJRDHRSCOABQA__CGOFOGMASLCJMLIBMP[FkBMC@EeCU@OACGIC[GS@UF_LQHi^idU`@JJ@NGNBFCCIbDVGRDHFQFDHIHSA]DOAWV@RHPAHNJFNILHFPDXNoKMM@Ma[KAMKWDEFQDKA]NNHDJOPWDVOIKMGAELIVGLKPCJKIKWEoCe@qDJ[@OIKDIGUDqBKAQEKBgCQC[GUIUUZ_GKQIGO@EJGKC[WDGMAgDIAUBGE@IICWCDCKIKFS@SBAJQBOEEJOBAEM@ODU@KGCIQAQKG@MEGGFCKKNGWAYKQMOCWBKJQFQ@GFYHaGKBOHgHgFED@NJFND@LCJMVKPKB[BSFKAMBKJG@GLIDJFTBBN\\C`@JCMGHI\\EJDRCJ@HJCHKDANNBb@NEEDG\\UTFJCZDPADFUBWFM@UHNDRHDJ`CAFTFBFZGDCTJJHT@JDHNb@JCPOHCPDQLONTBJFTA@FQ@SC]@EEWA@PFP_LHRAJHFDTJFL@VNCFQIgMQLGAUDCGPBVIHIOANMBMOCNORGJEAKIOCKY@YMOHW@MGQFYCQIOAqF_NSDMGU@QFGESAS@CJOJ@JSDAEUMQHM@IIOBYAIJODGILGAGNCROOIFGW@OGKDBFKBDHGLHH@HcHDLKHMDOBIC]NEFMBCJZANBTALCNALHHZLLPAVJDJTFJHjAHDPGXAFHPHHPCBATCJHLAPMVIHDRENW`KHa@IAUFSCEJ]BIAWDUFOBWEIFKIGHMEEDQGkKGFaIGD@HVJDHCHIFCHNDJAPNBHONOBPHRFJF\\EnJFJPDPLtHFFCFTFCFFFRD\\DTGZBEHZFCLPDNCp@HF@HVBNAFFIRJNMBANdTaVLNTFDJRDRKHDLAJBVCPKLH`@PBJCCKLAEKOKNKLRJ\\BBJRJDDOHNNLDXGAOLBFGjBZDTCPBCHCRSFVZVH`FZAZJBHZNHHTJBJLHDHPJCHIDXJLRPEFEPCDCPCRAFGRKNC@PKFM@FJIXJTPCPFPBPDLAPDGFfBNAVDPC\\AdNXABGL@DG|@ZJTHj`JBLPTAVFHHXHZV\\LTRTJLN`HHGFIRATJTAdN\\P`NNJH@XPZBVFJFlRLJHLPJNZPBRLHPJBPRHBRTFPNHP`BNNRDJTXJNJJBbHF@PLNCL@LNTN\\TVJDDJC^KrBNNHLOXBVCRBXLFA\\H^JJPJDPLVDgDQIOB]EgK[AmGOAYDGHUb[bKPQTWTRGD@PG`@@JMFQES@WJAHL\\JPFRNNDJRRDHVF^TZNBHE`PGVDPFEJRBXLN@RFPPDJfHXN@HUCKISGUBQGOCSBIGEOKE]CKAKJKRQTGNKL[XKHYT_ZONMRCLLJNKVPRJFHU@@JPT@JM\\abGP@JLFPBTC^JJ@PFT@NPLD@FZHHFSDUAOEKIMCGGQJFLgJEAAKEEQGOA@Em@kPMAcLUAGEiCUE_BgA_CQGCUIA_BoDe@UGaINKeEOKGDEQGKIRIEGOCUGMKIOLAGOBIHERBJKEUMEIHaCEECOQIE@MNIDBPLL_RkTaHUDU@IEQWOIKAIGMAAJUD_ISKIAAJeHSAGUMS[FOJCCWL@JTHNHAT\\RHNXL@JIFDHAHHFLAVJTAJLANLJNCRFJJCL^VHPVCNBRR@FJJXHXB`V\\B`CTDNCZFVLJJJ@XPLPT@JHRZ`PJNTD\\CPDJJLHNLJBVNFFRLPFFFDPNHHNAJDLARDTShARRTRBBKIGRMFML@FFDZCDBRLJVHdLPLPPHLZPDDpPPJHHA^DDZRZFNF^D^RTD\\LPKJFJAVFLAJKhJX@lHHJdDBDRFCF\\HHFXDbJlFjLdT`JXCLBVNT@@ELCDGTOPCLYWGIKDKbMD@]THL`LJLSTUHEJUNMDCPEJ@NEHcR]JALVFNAP@\\INDHQAEXGP@pDRH\\SvI@QZOXEdAdBJAhAfDTEXA\\BpJjLhNLBfNDGlXdJH@hF^JPdFPD¦NbAIEFMPKHMnWLATDFMpQBAzSNEhYJGTGPK`OZGPMWdQDBq\\T@DD]HKBDLRBDELCLD"],["@@EGKDLJ@XDB\\E@MKKM@"],["@@LDNCTBf@BJRBJFFGPCNJHC^THEbELDbVR@PCZBBIR@BHPCRDXCDKTG`JPEXBhEdGAEVKCGLC@SOK@CQKIIFEZLNBHIBKJAXBTGDOLEGIHILB@KFCBQFEZGEOKGAGJCRAjFXBJFjFDJLJbHhAPEjEZFfGKKMAKEAKOAIIGQUKBQCEQAKKUIUGKG]M]ICOIEIHOAOMWAMCMKEI@OCK]QK@QCkYMAQSkQ[EUFUDBMYKNEAE[BoVYFWAU^HLJ@ZJRALTBHIRUEKMQEGOWICIWGEHIBU\\BJMFQC_EDNeFANLPAREHWPOBDPGFUFEHSHEJBJQFBLMHAJUBIDAPNDHJbPTDGFUACJDNEHKBCLUBDPLAJJAHHDEFHHEFNLN`MFIPFHOFBLIDJJ"],["@@@ILALICKIIYAIE]BMHI@GHJNMLIDBFKFHNLDGFUAODEFIAKDQ@@EmA@JGDTLGLS@IRTDJJ@LZ@BEdHPGZEFGVCFMbDPK@OIAIGHQCEbCDKNC"]],"encodeOffsets":[[[-5469,53101]],[[-4804,52880]],[[-5399,52979]],[[-3147,54532]],[[-4907,54020]],[[-4680,54687]],[[-4680,54544]]]}}],"UTF8Encoding":true}