{"type":"FeatureCollection","features":[{"type":"Feature","properties":{"name":"Bulawayo Province"},"geometry":{"type":"Polygon","coordinates":["@@µTYxTCFiDA@CARfÉjQIĆih}ætvjÌz[]wT}[á§QcÛU"],"encodeOffsets":[[29297,-20718]]}},{"type":"Feature","properties":{"name":"Harare Province"},"geometry":{"type":"Polygon","coordinates":["@@wªEb||ÈEtWitđ¿aZ{¹Ç{y{RoB«x^Gn·lV]²pPD¢"],"encodeOffsets":[[31693,-18135]]}},{"type":"Feature","properties":{"name":"Manicaland"},"geometry":{"type":"Polygon","coordinates":["@@ĄPP¢txJ jfEwlÁU|ÌO¢Ibe°ClUÎÅàqÆJ]TCà¯¼_ÚHu¤yEĉńL ¬äÊZAx¶IĂWlX¾d`ŀGCk|ÜÀ¼¤@êĊ²ĔÎ°FÈÄ¤OzVZ~LdzIĂCxxºjv |bC|HäzLÅ¤kÇ@¹Js|¡gH¥}©S­Z]IaFfqwIąHh[XÓMÃª«}E×q[XÛXSiÌģuÛ§§hý{tÅa^ï°AÆTr»hkyŕB¹ÕÉRsQ×vaBIfUJe`_@êvLoqÐ{_mť[¯eMMÏ§FY\\}uxiE³«MùřďIÙµMTFęjçAsß½½kwAÞĕÏGy¬^²wĤBudK yXA®gvp¬´ìOd`Øxd\\ÐjFŢRĂd¨lŚFŢ¿l»gē@k§AxUpwÆ{F®Hr»uES¡|Q¸čH¾ŉvWbđÔā "],"encodeOffsets":[[31937,-19697]]}},{"type":"Feature","properties":{"name":"Mashonaland Central"},"geometry":{"type":"Polygon","coordinates":["@@QÒxA̷м@xavDrHÊĠ{~Jg¯¦PsþwÖM´e¶@Q^}ÂydDľ{ȼNłǶ÷òS×¸yå}dÅa×«LËoiHwÇM{bkwAkLMesA»£QW_@·Wkmq£ZyéKrãţœI½o_G³gÉá]ªĚĉL»ZGaÍQăuãa©FxÉĉYdduX¹O¥FqdpĦiÞÈZ]xºÈXĤsTaOu»J_ªhz}GäxHx£¦o¦ûv°bÄd\\Bàmà³Mg£Ni\\»SMeÇHg`nÄr\\JQ`ª|pm¢FÐbDĒÊƐŬdx¤B`"],"encodeOffsets":[[31046,-16022]]}},{"type":"Feature","properties":{"name":"Mashonaland East"},"geometry":{"type":"Polygon","coordinates":["@@b|WIª¬fLþ WäâÜKŘ~G~ÛºsÆÀnM®rxIØlM¶²Dh]¬wpA|QzÈ|ºY|bÀsĒXjsÇF{{väRĄbÎH¼YĊKę^©Êâh´Hp`J¾ŤŔqäLêYzr¤nXl@¸`X¤RB¼tNfKlxBl|aÈNxjGÌp¬KØÆb~cæ°CnV¦ml¶QYÇ«ĭßFWČŗ¤ġPÍãyG{aD{iuw¹DwāJcyKY}yU£PÇÃ¯EēÍĉ±@é»£Û¿l{DĿHc_W½XkJāwµBÉYã«KĊŃzFv£G`Ù°»DßS^ÅIßrÍÆVk¯DafJP¡Ë{VÂkxFieIswO¡ăOǉWGZ¦³LUuE^uË]ėälºÍÚNöU\\³A|Áj"],"encodeOffsets":[[31222,-19355]]}},{"type":"Feature","properties":{"name":"Mashonaland West"},"geometry":{"type":"Polygon","coordinates":["@@A_£cwƏūđÉCaEÏn¡o©{_RIq[mÃ_hÈGNfT[¼j¤Mh´NnßßAc[aÃ¯üup¥¤¥GwwHã~gy`©¼IvPbtSWģ¹Ç^wYÇjÝoĥrc¦EºPvWcZcĊÊC¡Oo^±kU¸Hm]g^±CNµkJ×qwN­m¿tÅÜ¹H}}LŗáÛãXKý«eJ©Xa{NuÉZ ¡GUjF¦­\\»ClDabßmùzIp^rÛI¥DQªfŀ`ÿÆµf|}GUwL§}ä}AªVÆĬlĶvSpR xbÂÞl ¡Q~«SÁfghíCÆU­o½JQ[­U£PÑħ}{OËbç[©w¡QDPBJFLOHMD@DAHADDpß¼F´mRYÚY|sScsCH¢|z¯C²pÌĂO@î\\rPÆQp½nVA¢mZf~°Kr@ê§¬DĔ¦XnVX®RGl§A{hP­M¿{W`nlzKvÐUgt®iN¸v¨gÀxhJôQ¤ zjxĘØRźÖÊMòlv^¢M¶z®DØpĒ[gǦhZs~c R]E"],"encodeOffsets":[[31046,-16022]]}},{"type":"Feature","properties":{"name":"Masvingo Province"},"geometry":{"type":"Polygon","coordinates":["@@¾KĶĢthJ]No²cw~Gòf¸oÚÂL~WØ`´Q|zL¬ufUÔ`T¥ÔDZË®s¨×FvÎA\\ġÚSvxxLÊªƢF@Ø~gLhÄ\\Ğ{ºHO¸n¶S¨^ o¼nCb¸³VƼŠv]FVv´KY¥HǊXĂĒÓXaŊu½ĎGR·¢{TvF¼Gq ­|ExÅoVw¨BlĔ@h¼ÀkEškřc§QāEši[Ïwc_×Pc³ëo«huB­zWLvcAxģ±]z«KYŃŇ˱̍iqʫʹëãq}ĻĵÓ§¢«J¹SÿìuÚ§ZG¤©d¹èÓÂE Ir¤ō²T»\\EfP|KąLVđ¤Ívss²áKe}RM¬{LÆ±ªO¢"],"encodeOffsets":[[30458,-21546]]}},{"type":"Feature","properties":{"name":"Matabeleland North"},"geometry":{"type":"MultiPolygon","coordinates":[["@@Ǥžo¥{©¯uYJO"],["@@tDdtTZ{ZÙnQE³à»CoBCBG@CNCPGEKAICOqçag[ť«ËH¯l¥]OÅgG·rËFFéiO@kñWC˷WÔNØeǶEÀMÒpÔSÀ`]̘BOgĿÏĩ}Èʏ°wÑuIĞĹRâ·Æ³gčvq©cy{GwsFÇ}Ç£SÇNĽùËÅ{A¯M}íRWµ³¼ÜVRd¨\\âS~^xy\\Ëuiåsg~jJąRÊiQeDBB@jCDESeCŁĵ½Ĉt¼c¤Vm_ÃD­qÜåAŉ|MfdiÕ¨cvj O¬¯ÃP¹eIÃX}ŋvÉcÙEÑNąimEs{wO¹nkUâ¥ïf{l}¼Mqr~ÅSå oĎ_ZcÂÅŀCvÇâ[Jv~W¸¼×¢©xg¢_ÎZiÀùªÜZ®ìÚ½ĔZ}¨oàwBætO _ØRÎinnÜB vkÐaruÆE±t[òmvèKH¼fÐvAlePÊSĄ©¬FÁĄU°¨E¸BÒpbI`zmlUdnàS¸~Acj~ôüxZrkrOd|ÔJddNxMªfdZ]pl^_pZĚhm~¤|NðÎXvYd»"]],"encodeOffsets":[[[27582,-18403]],[[28724,-17519]]]}},{"type":"Feature","properties":{"name":"Matabeleland South"},"geometry":{"type":"Polygon","coordinates":["@@xPt|FnĆjÒMÚFÊdŌu~ÄWfJºÄO°P«iduÖ§jcNeŊ{BæÛ®rÄCn`Ud£ »s¾ćłĶfDwZ¶S´»¶QX~î°NBÆ|úÌľÈM¤T~ÈEÈtHxz|dªrĎuhÈ«Z£¶ÍRZSÇf·ĀvG¸jH¹zUÖpBDz¹ÏőřÍB¿swq½¬iUGu{pyL¨Hǁe·ƏĉL[Ųw¨fÜLP¡²©Å|KN«~QfLât±tÎuĒ£UĆKL{OFe¼[SŎ±£JqFÔÁºçªcH£¨YvÙĀëwUāċj»HŕqNudY¿^ĥąE¯¸ę[Ç®oAi|FK}h¯TrąDm\\¥}m^UYu±Z¡O£móØo¦cXYÍBÃ|g®BČđzďjluB©éxWd¯V_^Ysé­×\\ÿ[ċrÝFw¨qTZsTPkªmr@zãĮ­l·ÊMf\\G¶TnipŖLü{¤@°bfT¼¡Qsh_ėx]Ñ\\×}TÔCÊPxgČefgÎÀ¿D¡xUhr¹Mŉ®mA×tyEo"],"encodeOffsets":[[27344,-20372]]}},{"type":"Feature","properties":{"name":"Midlands Province"},"geometry":{"type":"Polygon","coordinates":["@@¢Rªxè\\Ìa|P~ÒĨO¤®VR\\¾I®pVÅDîhgÂe¬T}R¢kÁÝwaQToukĵÅīUB©~~ã¨xKV~H{¶eĀÅ_eĿR© C¦ÜJq]JoúyànbaCk¼D®[¥EVi¢HÊYvMÂi {´BV[MõÎÙk¹ĘãÌ^ƻş´Ua·Dmp»]T§mµP·¹Gĝ|Ã[Kgh}@×ơEÉ©KwwTuĢÙB[ÍEuØt§Ì­CY¦Ó_SVÓveK«yR{_³X×K}ÙÁ·pñe}Hx±dMp^Isgĵġ½LÛK§eűxK\\ƐĊf¸ǂ§GKozv|HjV¾«xrtAÀÎŚÐŒyºCAÕoyVGº·iuHÿe¸TÈYQµÎY¤Ç¬Å´á¸QĝĺJvÒ¯xÇʐĪ~ŀÐPh̗A^¿_ÓTÑo¿NǵF×fÓMXD˸òX@lPjEêEqÌ¸hHPÆ^k¦°G¬Ì\\Ŧbhrè"],"encodeOffsets":[[28929,-17843]]}}],"UTF8Encoding":true}